#
# A fatal error has been detected by the Java Runtime Environment:
#
#  EXCEPTION_ACCESS_VIOLATION (0xc0000005) at pc=0x00007ffae6f62c91, pid=12996, tid=2076
#
# JRE version: OpenJDK Runtime Environment Microsoft-13877124 (25.0.3+9) (build 25.0.3+9-LTS)
# Java VM: OpenJDK 64-Bit Server VM Microsoft-13877124 (25.0.3+9-LTS, mixed mode, sharing, tiered, compressed oops, compressed class ptrs, g1 gc, windows-amd64)
# Problematic frame:
# C  [ntdll.dll+0x32c91]
#
# No core dump will be written. Minidumps are not enabled by default on client versions of Windows
#
# If you would like to submit a bug report, please visit:
#   https://github.com/microsoft/openjdk/issues
# The crash happened outside the Java Virtual Machine in native code.
# See problematic frame for where to report the bug.
#

---------------  S U M M A R Y ------------

Command Line: -javaagent:C:\Program Files\JetBrains\IntelliJ IDEA Community Edition 2025.2.2\lib\idea_rt.jar=55152 -Dfile.encoding=UTF-8 -Dsun.stdout.encoding=UTF-8 -Dsun.stderr.encoding=UTF-8 main.Main

Host: Intel(R) Core(TM) i5-3470 CPU @ 3.20GHz, 4 cores, 7G,  Windows 10 , 64 bit Build 19041 (10.0.19041.5915)
Time: Sun May 10 21:21:27 2026 Malay Peninsula Standard Time elapsed time: 419.899288 seconds (0d 0h 6m 59s)

---------------  T H R E A D  ---------------

Current thread (0x00000217942ecc50):  JavaThread "AWT-EventQueue-0"        [_thread_in_native, id=2076, stack(0x000000b8e4a00000,0x000000b8e4b00000) (1024K)]

Stack: [0x000000b8e4a00000,0x000000b8e4b00000],  sp=0x000000b8e4afdae0,  free space=1014k
Native frames: (J=compiled Java code, j=interpreted, Vv=VM code, C=native code)
C  [ntdll.dll+0x32c91]  (no source info available)
C  [ntdll.dll+0x5246c]  (no source info available)
C  [ntdll.dll+0xa147e]  (no source info available)
C  [ntdll.dll+0x649e6]  (no source info available)
C  [ntdll.dll+0x2fcb4]  (no source info available)
C  [ntdll.dll+0x2fae2]  (no source info available)
C  0x00007ffadb6cf7dc  (no source info available)

Java frames: (J=compiled Java code, j=interpreted, Vv=VM code)
J 3437  sun.java2d.d3d.D3DSurfaceData.initOps(III)V java.desktop@25.0.3 (0 bytes) @ 0x0000021787cdb4c8 [0x0000021787cdb480+0x0000000000000048]
j  sun.java2d.d3d.D3DSurfaceData.<init>(Lsun/awt/windows/WComponentPeer;Lsun/java2d/d3d/D3DGraphicsConfig;IILjava/awt/Image;Ljava/awt/image/ColorModel;IILsun/java2d/pipe/hw/ExtendedBufferCapabilities$VSyncType;I)V+212 java.desktop@25.0.3
j  sun.java2d.d3d.D3DSurfaceData.createData(Lsun/java2d/d3d/D3DGraphicsConfig;IILjava/awt/image/ColorModel;Ljava/awt/Image;I)Lsun/java2d/d3d/D3DSurfaceData;+70 java.desktop@25.0.3
j  sun.java2d.d3d.D3DVolatileSurfaceManager.initAcceleratedSurface()Lsun/java2d/SurfaceData;+142 java.desktop@25.0.3
j  sun.java2d.d3d.D3DVolatileSurfaceManager.restoreAcceleratedSurface()V+49 java.desktop@25.0.3
j  sun.awt.image.VolatileSurfaceManager.validate(Ljava/awt/GraphicsConfiguration;)I+94 java.desktop@25.0.3
j  sun.awt.image.SunVolatileImage.validate(Ljava/awt/GraphicsConfiguration;)I+5 java.desktop@25.0.3
j  javax.swing.RepaintManager$PaintManager.paint(Ljavax/swing/JComponent;Ljavax/swing/JComponent;Ljava/awt/Graphics;IIII)Z+78 java.desktop@25.0.3
j  javax.swing.RepaintManager.paint(Ljavax/swing/JComponent;Ljavax/swing/JComponent;Ljava/awt/Graphics;IIII)V+52 java.desktop@25.0.3
j  javax.swing.JComponent._paintImmediately(IIII)V+683 java.desktop@25.0.3
J 3997 c2 javax.swing.RepaintManager.paintDirtyRegions(Ljava/util/Map;)V java.desktop@25.0.3 (383 bytes) @ 0x0000021787d853f0 [0x0000021787d84c00+0x00000000000007f0]
J 3962 c2 java.awt.EventQueue.dispatchEvent(Ljava/awt/AWTEvent;)V java.desktop@25.0.3 (48 bytes) @ 0x0000021787d5f4d0 [0x0000021787d5eb00+0x00000000000009d0]
J 3964 c2 java.awt.EventDispatchThread.pumpOneEventForFilters(I)V java.desktop@25.0.3 (106 bytes) @ 0x0000021787d62ee0 [0x0000021787d61e80+0x0000000000001060]
j  java.awt.EventDispatchThread.pumpEventsForFilter(ILjava/awt/Conditional;Ljava/awt/EventFilter;)V+35 java.desktop@25.0.3
j  java.awt.EventDispatchThread.pumpEventsForHierarchy(ILjava/awt/Conditional;Ljava/awt/Component;)V+11 java.desktop@25.0.3
j  java.awt.EventDispatchThread.pumpEvents(ILjava/awt/Conditional;)V+4 java.desktop@25.0.3
j  java.awt.EventDispatchThread.pumpEvents(Ljava/awt/Conditional;)V+3 java.desktop@25.0.3
j  java.awt.EventDispatchThread.run()V+9 java.desktop@25.0.3
v  ~StubRoutines::call_stub 0x00000217875412ed

siginfo: EXCEPTION_ACCESS_VIOLATION (0xc0000005), reading address 0x00007ffadb885108


Registers:
RAX=0x0000000000000816, RBX=0x000000000000f7dc, RCX=0x0000000000000816, RDX=0x0000000000001842
RSP=0x000000b8e4afdae0, RBP=0x000000b8e4afe070, RSI=0x0000000000000000, RDI=0x00007ffadb87f000
R8 =0x000000000000102d, R9 =0x0000000000000000, R10=0x00007ffadb885108, R11=0x0000000000151a6c
R12=0x0000000000000000, R13=0x00007ffae70a38f0, R14=0x000000b8e4afe110, R15=0x000000b8e4afe088
RIP=0x00007ffae6f62c91, EFLAGS=0x0000000000010203

XMM[0]=0x00007ffadb6c0000 0x00007ffadb87f000
XMM[1]=0x0000000000000000 0x0000c234001d1000
XMM[2]=0x0000000000000000 0x0000021787d84b08
XMM[3]=0x0000000083702688 0x0000000000000000
XMM[4]=0x2525252525252525 0x2525252525252525
XMM[5]=0x7363696870617247 0x2f7477612f617661
XMM[6]=0x0000000000000000 0x0000000044090000
XMM[7]=0x0000000000000000 0x0000000043f80000
XMM[8]=0x0000000000000000 0x0000000044090000
XMM[9]=0x0000000000000000 0x0000000043f80000
XMM[10]=0x0000000000000000 0x0000000044b995f6
XMM[11]=0x0000000000000000 0x0000000049098000
XMM[12]=0x0000000000000000 0x0000000043f70000
XMM[13]=0x0000000000000000 0x0000000000000000
XMM[14]=0x0000000000000000 0x000000004409394f
XMM[15]=0x0000000000000000 0x000000007e7fffff
  MXCSR=0x00001fa2


Register to memory mapping:

RAX=0x0000000000000816 is an unknown value
RBX=0x000000000000f7dc is an unknown value
RCX=0x0000000000000816 is an unknown value
RDX=0x0000000000001842 is an unknown value
RSP=0x000000b8e4afdae0 is pointing into the stack for thread: 0x00000217942ecc50
RBP=0x000000b8e4afe070 is pointing into the stack for thread: 0x00000217942ecc50
RSI=0x0 is null
RDI=0x00007ffadb87f000 is an unknown value
R8 =0x000000000000102d is an unknown value
R9 =0x0 is null
R10=0x00007ffadb885108 is an unknown value
R11=0x0000000000151a6c is an unknown value
R12=0x0 is null
R13=0x00007ffae70a38f0 ntdll.dll
R14=0x000000b8e4afe110 is pointing into the stack for thread: 0x00000217942ecc50
R15=0x000000b8e4afe088 is pointing into the stack for thread: 0x00000217942ecc50

Top of Stack: (sp=0x000000b8e4afdae0)
0x000000b8e4afdae0:   0000000000000000 000000b800000000   ................
0x000000b8e4afdaf0:   000000b8e4afdb00 000000b8e4afdb08   ................
0x000000b8e4afdb00:   00007ffadb87f000 00007ffadb6c0000   ..........l.....
0x000000b8e4afdb10:   0000c234001d1000 0000000000000000   ....4...........
0x000000b8e4afdb20:   00007ffadb6cf7dc 00007ffae6f8246c   ..l.....l$......
0x000000b8e4afdb30:   000000b8e4afe730 0000000000000000   0...............
0x000000b8e4afdb40:   0000000000000000 000000b8e4afdb70   ........p.......
0x000000b8e4afdb50:   000000b8e4afdb70 000000b8e4afe090   p...............
0x000000b8e4afdb60:   000000b8e4afe080 0000000000000000   ................
0x000000b8e4afdb70:   0000000000000000 0000000000000000   ................
0x000000b8e4afdb80:   0000000000000000 0000000000000000   ................
0x000000b8e4afdb90:   0000000000000000 0000000043f70000   ...........C....
0x000000b8e4afdba0:   00001fa20010000f 0000000000000033   ........3.......
0x000000b8e4afdbb0:   00010213002bffff 0000000044b995f6   ..+........D....
0x000000b8e4afdbc0:   0000000000000000 0000000043f80000   ...........C....
0x000000b8e4afdbd0:   0000000000000000 0000000044090000   ...........D....
0x000000b8e4afdbe0:   0000000000000000 0000000043f80000   ...........C....
0x000000b8e4afdbf0:   0000000000000000 0000000044090000   ...........D....
0x000000b8e4afdc00:   000000b8e4afeb00 000000b8e4afeab0   ................
0x000000b8e4afdc10:   000002178f86a980 0000000000000000   ................
0x000000b8e4afdc20:   0000000000000000 000000b8e4afde10   ................
0x000000b8e4afdc30:   000002178754bea0 00000217942ecc50   ..T.....P.......
0x000000b8e4afdc40:   000000b8e4afdf10 0000000000000000   ................
0x000000b8e4afdc50:   000000b8e4afebf0 0000000000010001   ................
0x000000b8e4afdc60:   00000217942ecc50 00007ffadb6cf7dc   P.........l.....
0x000000b8e4afdc70:   000000000000027f 0000000000000000   ................
0x000000b8e4afdc80:   0000000000000000 0000ffff00001fa2   ................
0x000000b8e4afdc90:   0000000000000000 0000000000000000   ................
0x000000b8e4afdca0:   0000000000000000 0000000000000000   ................
0x000000b8e4afdcb0:   0000000000000000 0000000000000000   ................
0x000000b8e4afdcc0:   0000000000000000 0000000000000000   ................
0x000000b8e4afdcd0:   0000000000000000 0000000000000000   ................

Instructions: (pc=0x00007ffae6f62c91)
  0x00007ffae6f62b91:   4c 8b 54 24 28 eb 13 b8 7b 00 00 c0 89 44 24 20
  0x00007ffae6f62ba1:   4c 8b 4c 24 68 4c 8b 54 24 28 85 c0 78 03 4d 89
  0x00007ffae6f62bb1:   11 48 83 c4 40 5b c3 cc b1 01 48 83 fb 40 0f 83
  0x00007ffae6f62bc1:   5b ff ff ff b8 7b 00 00 c0 eb e6 cc cc cc cc cc
  0x00007ffae6f62bd1:   cc cc cc cc cc cc cc cc cc cc cc cc cc cc cc 48
  0x00007ffae6f62be1:   89 5c 24 18 4c 89 74 24 20 41 57 48 83 ec 40 4d
  0x00007ffae6f62bf1:   8b f0 4c 8b fa 48 8b d9 4d 85 c0 0f 85 3c 01 00
  0x00007ffae6f62c01:   00 48 8b 0d 0f e9 14 00 48 89 74 24 50 48 89 7c
  0x00007ffae6f62c11:   24 58 48 3b d9 0f 83 ec 00 00 00 48 8d 54 24 20
  0x00007ffae6f62c21:   48 8b cb e8 17 03 00 00 48 8b f8 48 85 ff 0f 84
  0x00007ffae6f62c31:   da 02 00 00 8b 4c 24 34 48 b8 ab aa aa aa aa aa
  0x00007ffae6f62c41:   aa aa 4c 8b 44 24 28 33 f6 48 f7 e1 4d 89 07 48
  0x00007ffae6f62c51:   c1 ea 03 85 d2 74 73 8d 42 ff 49 2b d8 48 8d 04
  0x00007ffae6f62c61:   40 44 8b 1c 87 4c 8d 14 87 49 3b db 73 48 44 8d
  0x00007ffae6f62c71:   42 fe 44 8b ce 45 85 c0 78 3c 0f 1f 44 00 00 43
  0x00007ffae6f62c81:   8d 04 08 d1 f8 48 63 c8 48 8d 14 49 4c 8d 14 97
=>0x00007ffae6f62c91:   8b 14 97 48 3b da 72 12 41 8b 4a 0c 44 8b da 48
  0x00007ffae6f62ca1:   3b d9 72 12 44 8d 48 01 eb 04 44 8d 40 ff 44 8b
  0x00007ffae6f62cb1:   da 45 3b c1 7d c9 41 8b c3 48 3b d8 72 0c 41 8b
  0x00007ffae6f62cc1:   42 04 48 3b d8 73 03 49 8b f2 48 8b 7c 24 58 48
  0x00007ffae6f62cd1:   85 f6 74 19 4d 85 f6 0f 85 ea 00 00 00 48 85 f6
  0x00007ffae6f62ce1:   74 0b 8b 46 08 a8 01 0f 85 34 02 00 00 48 8b c6
  0x00007ffae6f62cf1:   48 8b 74 24 50 48 8b 5c 24 60 4c 8b 74 24 68 48
  0x00007ffae6f62d01:   83 c4 40 41 5f c3 cc 8b 05 12 e8 14 00 48 03 c1
  0x00007ffae6f62d11:   48 3b d8 0f 83 02 ff ff ff 0f 28 0d ef e7 14 00
  0x00007ffae6f62d21:   f2 0f 10 05 f7 e7 14 00 66 48 0f 7e cf 0f 11 4c
  0x00007ffae6f62d31:   24 20 f2 0f 11 44 24 30 e9 ee fe ff ff 41 80 78
  0x00007ffae6f62d41:   07 00 4c 8d 1d d6 e6 14 00 0f 85 6b 01 00 00 41
  0x00007ffae6f62d51:   80 78 06 00 0f 84 a7 fe ff ff 48 3b 1d c6 e6 14
  0x00007ffae6f62d61:   00 0f 83 df 00 00 00 49 3b 5e 08 0f 82 90 fe ff
  0x00007ffae6f62d71:   ff 49 3b 5e 10 0f 83 86 fe ff ff 45 0f b6 56 04
  0x00007ffae6f62d81:   45 8b 0e 41 8b d2 45 3b d1 0f 83 72 fe ff ff 8b


Stack slot to memory mapping:

stack at sp + 0 slots: 0x0 is null
stack at sp + 1 slots: 0x000000b800000000 is an unknown value
stack at sp + 2 slots: 0x000000b8e4afdb00 is pointing into the stack for thread: 0x00000217942ecc50
stack at sp + 3 slots: 0x000000b8e4afdb08 is pointing into the stack for thread: 0x00000217942ecc50
stack at sp + 4 slots: 0x00007ffadb87f000 is an unknown value
stack at sp + 5 slots: 0x00007ffadb6c0000 is an unknown value
stack at sp + 6 slots: 0x0000c234001d1000 is an unknown value
stack at sp + 7 slots: 0x0 is null

Lock stack of current Java thread (top to bottom):


Compiled method (n/a) 420140 3437     n 0       sun.java2d.d3d.D3DSurfaceData::initOps (native)
 total in heap  [0x0000021787cdb388,0x0000021787cdb5e8] = 608
 main code      [0x0000021787cdb480,0x0000021787cdb5e4] = 356
 stub code      [0x0000021787cdb5e4,0x0000021787cdb5e8] = 4
 mutable data [0x00000217947d0850,0x00000217947d0868] = 24
 relocation     [0x00000217947d0850,0x00000217947d0868] = 24

[Constant Pool (empty)]

[MachCode]
[Entry Point]
  # {method} {0x00000217907bc048} 'initOps' '(III)V' in 'sun/java2d/d3d/D3DSurfaceData'
  # this:     rdx:rdx   = 'sun/java2d/d3d/D3DSurfaceData'
  # parm0:    r8        = int
  # parm1:    r9        = int
  # parm2:    rdi       = int
  #           [sp+0x70]  (sp of caller)
  0x0000021787cdb480: 6690 448b | 5208 443b 

  0x0000021787cdb488: ;   {runtime_call Shared Runtime ic_miss_blob}
  0x0000021787cdb488: 5008 0f85 | 5036 8bff 
[Verified Entry Point]
  0x0000021787cdb490: 8984 2400 | 80ff ff55 | 488b ec48 | 83ec 6090 | 4181 7f20 | 0100 0000 

  0x0000021787cdb4a8: ;   {runtime_call Stub::method_entry_barrier}
  0x0000021787cdb4a8: 7405 e851 | 8e89 ff48 | 897c 2420 | 4889 5424 | 2848 83fa | 0048 8d54 | 2428 480f | 4454 2428 
  0x0000021787cdb4c8: ;   {internal_word}
  0x0000021787cdb4c8: c5f8 7749 | bac8 b4cd | 8717 0200 | 004d 8997 | 3004 0000 | 4989 a728 | 0400 0049 | 8d8f 4804 
  0x0000021787cdb4e8: 0000 41c7 | 87d4 0400 | 0004 0000 

  0x0000021787cdb4f4: ;   {runtime_call}
  0x0000021787cdb4f4: 0048 b820 | 36ee a2fa | 7f00 00ff | d0c5 f877 | 41c7 87d4 | 0400 0005 | 0000 00f0 | 8344 24c0 
  0x0000021787cdb514: 0049 3b6f | 280f 870e | 0000 0041 | 83bf d004 | 0000 000f | 8423 0000 | 00c5 f877 | 498b cf4c 
  0x0000021787cdb534: 8be4 4883 | ec20 4883 

  0x0000021787cdb53c: ;   {runtime_call}
  0x0000021787cdb53c: e4f0 48b8 | e059 af84 | fa7f 0000 | ffd0 498b | e44d 33e4 | 41c7 87d4 | 0400 0008 | 0000 0041 
  0x0000021787cdb55c: 83bf 5005 | 0000 020f | 8459 0000 | 0049 c787 | 2804 0000 | 0000 0000 | 49c7 8730 | 0400 0000 
  0x0000021787cdb57c: 0000 00c5 | f877 498b | 8fb8 0400 | 00c7 8100 | 0100 0000 | 0000 00c9 

  0x0000021787cdb594: ;   {poll_return}
  0x0000021787cdb594: 41f6 4728 

  0x0000021787cdb598: ;   {internal_word}
  0x0000021787cdb598: 0174 1649 | ba94 b5cd | 8717 0200 | 004d 8997 | e004 0000 

  0x0000021787cdb5ac: ;   {runtime_call SafepointBlob}
  0x0000021787cdb5ac: e9af 598b | ff49 837f | 0800 0f85 | 0100 0000 

  0x0000021787cdb5bc: ;   {runtime_call Stub::forward_exception}
  0x0000021787cdb5bc: c3e9 1e5c | 86ff c5f8 | 774c 8be4 | 4883 ec20 | 4883 e4f0 

  0x0000021787cdb5d0: ;   {runtime_call}
  0x0000021787cdb5d0: 48b8 f0d2 | e884 fa7f | 0000 ffd0 | 498b e44d | 33e4 eb85 
[Stub Code]
  0x0000021787cdb5e4: f4f4 f4f4 
[/MachCode]


Compiled method (c2) 420147 3997   !   4       javax.swing.RepaintManager::paintDirtyRegions (383 bytes)
 total in heap  [0x0000021787d84b08,0x0000021787d86418] = 6416
 main code      [0x0000021787d84c00,0x0000021787d86368] = 5992
 stub code      [0x0000021787d86368,0x0000021787d863f8] = 144
 oops           [0x0000021787d863f8,0x0000021787d86418] = 32
 mutable data [0x000002178fa35230,0x000002178fa35640] = 1040
 relocation     [0x000002178fa35230,0x000002178fa353f0] = 448
 metadata       [0x000002178fa353f0,0x000002178fa35640] = 592
 immutable data [0x0000021794a00f00,0x0000021794a02668] = 5992
 dependencies   [0x0000021794a00f00,0x0000021794a00fb0] = 176
 nul chk table  [0x0000021794a00fb0,0x0000021794a01010] = 96
 handler table  [0x0000021794a01010,0x0000021794a01130] = 288
 scopes pcs     [0x0000021794a01130,0x0000021794a01580] = 1104
 scopes data    [0x0000021794a01580,0x0000021794a02668] = 4328

[Constant Pool (empty)]

[MachCode]
[Instructions begin]
  0x0000021787d84c00: 6690 448b | 5208 443b 

  0x0000021787d84c08: ;   {runtime_call Shared Runtime ic_miss_blob}
  0x0000021787d84c08: 5008 0f85 | d09e 80ff 
[Verified Entry Point]
  0x0000021787d84c10: 8984 2400 | 80ff ff55 | 4883 ec60 | 4181 7f20 | 0100 0000 | 0f85 3417 | 0000 4889 | 1424 458b 
  0x0000021787d84c30: ;   {metadata('java/util/IdentityHashMap')}
  0x0000021787d84c30: 5008 4181 | fa40 6d25 | 000f 8529 | 0c00 004c | 8944 2408 | 418b 681c | 85ed 0f84 | 6d08 0000 
  0x0000021787d84c50: 498b 87c8 | 0100 004c | 8bd0 4983 | c218 4d3b | 97d8 0100 | 000f 83c5 | 0a00 004d | 8997 c801 
  0x0000021787d84c70: 0000 410f | 1882 0001 | 0000 48c7 | 0001 0000 

  0x0000021787d84c80: ;   {metadata('java/util/ArrayList')}
  0x0000021787d84c80: 00c7 4008 | a0d8 2100 | 4489 600c | 4c89 6010 | 4889 4424 | 1085 ed0f | 8ee7 0b00 | 0081 fd00 
  0x0000021787d84ca0: 0004 000f | 87a4 0a00 | 004d 8b8f | c801 0000 | 448b dd4d | 63d3 4a8d | 0c95 1700 | 0000 4c8b 
  0x0000021787d84cc0: d149 83e2 | f84d 8bd9 | 4d03 da4d | 3b9f d801 | 0000 0f83 | 750a 0000 | 4d89 9fc8 | 0100 0049 
  0x0000021787d84ce0: 8bf9 4883 | c710 49c7 | 0101 0000 | 0041 0f18 | 8300 0100 

  0x0000021787d84cf4: ;   {metadata('java/lang/Object'[])}
  0x0000021787d84cf4: 0041 c741 | 08b8 3618 | 0041 8969 | 0c41 0f18 | 8340 0100 | 0041 0f18 | 8380 0100 | 0048 c1e9 
  0x0000021787d84d14: 0348 83c1 | fe48 33c0 | 4883 f908 | 7f10 48ff | c978 4f48 | 8904 cf48 | ffc9 7df7 | eb44 c5fd 
  0x0000021787d84d34: 57c0 e90d | 0000 00c5 | fe7f 07c5 | fe7f 4720 | 4883 c740 | 4883 e908 | 7ded 4883 | c104 7c0c 
  0x0000021787d84d54: c5fe 7f07 | 4883 c720 | 4883 e904 | 4883 c104 | 7e10 48ff | c9c5 f9d6 | 0748 83c7 | 0848 ffc9 
  0x0000021787d84d74: 7df3 4c8b | 5424 0845 | 8b52 0c48 | 8b5c 2410 | 488d 4b14 | 4d8b d944 | 8919 4c8b | c14d 33c1 
  0x0000021787d84d94: 49c1 e814 | 0f84 1e00 | 0000 4c8b | c149 c1e8 | 0949 bb00 | d0ee f617 | 0200 004d | 03c3 4180 
  0x0000021787d84db4: 3802 0f85 | d113 0000 | 4585 d20f | 84ad 0800 | 004d 8bca | 458b 5908 

  0x0000021787d84dcc: ;   {metadata('java/util/IdentityHashMap$KeySet')}
  0x0000021787d84dcc: 4181 fb00 | 533e 000f | 85bf 0a00 | 0045 8b59 | 0c41 8b6b | 1c85 ed0f | 8493 0c00 | 0045 8b43 
  0x0000021787d84dec: 1445 8b53 | 2045 8b48 | 0c45 85c9 | 0f86 d806 | 0000 4963 | d948 8bcb | 48ff c148 | 83e1 fe8b 
  0x0000021787d84e0c: f948 63ff | 4883 c7fe | 483b fb0f | 83ab 0a00 | 0041 81f9 | feff ff7f | 0f8f de0a | 0000 498b 
  0x0000021787d84e2c: fb41 8d51 | fa4d 8be8 | 453b 6010 | 0f85 8f06 | 0000 83fa | 020f 8e01 | 0b00 0033 | c0b9 0200 
  0x0000021787d84e4c: 0000 418b | f12b f183 | c6fa 3bd1 | 0f4c f081 | fe40 1f00 | 00bd 401f | 0000 0f47 | f503 f141 
  0x0000021787d84e6c: 8bea 4d8b | f5eb 1066 | 0f1f 8400 | 0000 0000 | 6666 6690 | 458b c245 | 8bd0 458b | 6c88 1045 
  0x0000021787d84e8c: 85ed 754d | 458b 4488 | 1845 85c0 | 753b 458b | 6c8a 2045 | 85ed 7536 | 458b 448a | 2845 85c0 
  0x0000021787d84eac: 7524 83c1 | 083b ce7c | cb4d 8b47 

  0x0000021787d84eb8: ; ImmutableOopMap {r10=NarrowOop r11=NarrowOop rdi=Oop r14=Oop [0]=Oop [8]=Oop [16]=Oop }
                      ;*goto {reexecute=1 rethrow=0 return_oop=0}
                      ; - (reexecute) java.util.IdentityHashMap$IdentityHashMapIterator::hasNext@39 (line 744)
                      ; - javax.swing.RepaintManager::paintDirtyRegions@37 (line 800)
                      ;   {poll}
  0x0000021787d84eb8: 3041 8500 | 3bca 0f8d | e406 0000 | 458b c244 | 8bd5 4d8b | eee9 7cff | ffff 83c1 | 0483 c102 
  0x0000021787d84ed8: eb03 83c1 | 0445 8bc2 | 448b d58b | f04d 8bee | 4489 5c24 | 3444 8944 | 2430 4489 | 5424 2844 
  0x0000021787d84ef8: 894c 2420 | 8974 2438 | 4889 5c24 | 4048 897c | 2418 8954 | 2424 4c89 | 6c24 4844 | 8bd1 41b8 
  0x0000021787d84f18: ffff ffff | 448b 4c24 | 28eb 1e83 | c102 eb08 | 83c1 04eb | 0383 c106 | 448b 5c24 | 3445 8b4b 
  0x0000021787d84f38: 2044 8b44 | 242c 448b | d144 3b4c | 2428 0f85 | b008 0000 | 418d 6a02 | 443b 5424 | 200f 8347 
  0x0000021787d84f58: 0800 0044 | 8954 242c | 448b 5424 | 3044 8b44 | 242c 478b 

  0x0000021787d84f6c: ;   {oop(a 'java/lang/Object'{0x00000000819716a8})}
  0x0000021787d84f6c: 5c82 1041 | 81fb a816 | 9781 0f84 | c408 0000 

  0x0000021787d84f7c: ; implicit exception: dispatches to 0x0000021787d85f34
  0x0000021787d84f7c: 458b 4308 | 41ba 0000 | 0020 4d03 | d04d 8b52 

  0x0000021787d84f8c: ;   {metadata('java/awt/Component')}
  0x0000021787d84f8c: 3849 b888 | 4200 2100 | 0000 004d | 3bd0 0f85 | 2408 0000 | 4d8b cb48 | 8b14 244c | 8b44 2408 
  0x0000021787d84fac: 488b 7c24 

  0x0000021787d84fb0: ;   {optimized virtual_call}
  0x0000021787d84fb0: 1066 90e8 

  0x0000021787d84fb4: ; ImmutableOopMap {[0]=Oop [8]=Oop [16]=Oop [24]=Oop [48]=NarrowOop [52]=NarrowOop [72]=Oop }
                      ;*invokevirtual collectDirtyComponents {reexecute=0 rethrow=0 return_oop=0}
                      ; - javax.swing.RepaintManager::paintDirtyRegions@61 (line 801)
  0x0000021787d84fb4: d882 fbff 

  0x0000021787d84fb8: ;   {post_call_nop}
  0x0000021787d84fb8: 0f1f 8400 | b004 0001 

  0x0000021787d84fc0: ; ImmutableOopMap {[0]=Oop [8]=Oop [16]=Oop [24]=Oop [48]=NarrowOop [52]=NarrowOop [72]=Oop }
                      ;*goto {reexecute=1 rethrow=0 return_oop=0}
                      ; - (reexecute) javax.swing.RepaintManager::paintDirtyRegions@64 (line 802)
  0x0000021787d84fc0: 4d8b 5730 

  0x0000021787d84fc4: ;   {poll}
  0x0000021787d84fc4: 4185 023b | 6c24 200f | 8d24 0100 | 003b 6c24 | 200f 830d | 0800 004c | 63d5 4c8b | 5c24 404d 
  0x0000021787d84fe4: 2bda 49ff | c349 83e3 | fe45 8bdb | 4403 5c24 | 2c41 83c3 | 024d 63d3 | 4983 c2fe | 4c3b 5424 
  0x0000021787d85004: 400f 83dd | 0700 0044 | 8b54 242c | 4183 c204 | 8bcd 448b | 5c24 3045 | 8b5c 8b10 | 4585 db0f 
  0x0000021787d85024: 8507 ffff | ff83 c102 | 413b ca7c | e53b 4c24 | 240f 8d98 | 0000 0044 | 8b44 2420 | 442b c141 
  0x0000021787d85044: 83c0 fa44 | 8b5c 2424 | 443b d944 | 0f4c 4424 | 3841 81f8 | 401f 0000 | 41ba 401f | 0000 450f 
  0x0000021787d85064: 47c2 4403 | c10f 1f80 | 0000 0000 | 448b 5c24 | 3045 8b54 | 8b10 4585 | d20f 85ad | feff ff4c 
  0x0000021787d85084: 63d1 478b | 5c93 1845 | 85db 0f85 | 8ffe ffff | 448b 5c24 | 3047 8b5c | 9320 4585 | db0f 8581 
  0x0000021787d850a4: feff ff44 | 8b4c 2430 | 478b 5491 | 2845 85d2 | 0f85 73fe | ffff 83c1 | 0841 3bc8 

  0x0000021787d850c0: ;   {other}
  0x0000021787d850c0: 7cae 4d8b 

  0x0000021787d850c4: ; ImmutableOopMap {[0]=Oop [8]=Oop [16]=Oop [24]=Oop [48]=NarrowOop [52]=NarrowOop [72]=Oop }
                      ;*goto {reexecute=1 rethrow=0 return_oop=0}
                      ; - (reexecute) java.util.IdentityHashMap$IdentityHashMapIterator::hasNext@39 (line 744)
                      ; - javax.swing.RepaintManager::paintDirtyRegions@37 (line 800)
                      ;   {poll}
  0x0000021787d850c4: 5730 4185 | 023b 4c24 | 240f 8c68 | ffff ff3b | 4c24 207d | 1c44 8b54 | 2430 458b | 5c8a 1045 
  0x0000021787d850e4: 85db 0f85 | 44fe ffff | 83c1 023b | 4c24 207c | e44c 8b2c | 2441 c645 | 1401 4c8b | 5424 1045 
  0x0000021787d85104: 8b72 1045 | 85f6 0f8e | 0e03 0000 | 4533 d24c | 8b5c 2410 | 418b 6b10 | 85ed 0f8c | 9808 0000 
  0x0000021787d85124: 443b d50f | 833f 0800 | 0041 8b6b | 1444 8b5d | 0c45 3bd3 | 0f83 5608 | 0000 468b | 4c95 1045 
  0x0000021787d85144: 8b59 0841 | b800 0000 | 204d 03c3 | 4d8b 5838 

  0x0000021787d85154: ;   {metadata('java/awt/Component')}
  0x0000021787d85154: 49b8 8842 | 0021 0000 | 0000 4d3b | d80f 857d | 0800 004c | 8b5c 2408 | 458b 5b14 | 4d8b c141 
  0x0000021787d85174: 8b5b 0c49 | 8b08 488b | f948 83e7 | 0348 83ff | 020f 8467 | 0400 0048 | c1e9 0b8b | c981 e1ff 
  0x0000021787d85194: ffff 7f0f | 8455 0400 | 008b f9c1 | e708 8bd3 | ffca d1e1 | 2bcf 23ca | 85db 0f86 | 6808 0000 
  0x0000021787d851b4: 418b 6c8b | 1048 8bfd | 493b f80f | 856b 0100 | 008b e9ff | c53b eb0f | 83f7 0800 | 0048 63c9 
  0x0000021787d851d4: 418b 6c8b | 148b 4d08 

  0x0000021787d851dc: ;   {metadata('java/awt/Rectangle')}
  0x0000021787d851dc: 81f9 2850 | 0701 0f85 | e80c 0000 | 418b 5808 

  0x0000021787d851ec: ;   {metadata('engine/GamePanel')}
  0x0000021787d851ec: 4c8b dd81 | fb00 4004 | 010f 8579 | 0500 0041 | 8b70 204d | 8bc1 458b 

  0x0000021787d85204: ;   {metadata('engine/GamePanel')}
  0x0000021787d85204: 4808 4181 | f900 4004 | 010f 8576 | 0500 004d | 8bc8 418b | 591c 418b | 430c 85c0 | 0f8c 1209 
  0x0000021787d85224: 0000 458b | 4b14 428d | 3c08 3bdf | 0f8c 4a09 | 0000 418b | 5b10 85db | 0f8c 8a09 | 0000 418b 
  0x0000021787d85244: 4b18 8d2c | 0b3b f50f | 8cc7 0900 | 0045 85c9 | 0f8c 9a08 | 0000 85c9 | 0f8c f209 | 0000 418b 
  0x0000021787d85264: 5008 bf00 | 0000 2048 | 03fa 488b 

  0x0000021787d85270: ;   {metadata('javax/swing/JComponent')}
  0x0000021787d85270: 7f48 48be | c066 0021 | 0000 0000 | 483b fe0f | 855e 0200 

  0x0000021787d85284: ;   {metadata('engine/GamePanel')}
  0x0000021787d85284: 0081 fa00 | 4004 010f | 8567 0c00 | 0041 0fb6 | 6831 85ed | 0f84 160a | 0000 418b | 6840 85ed 
  0x0000021787d852a4: 0f84 420a | 0000 418b | 6844 85ed | 0f84 6e0a | 0000 4c89 | 4424 3089 | 4c24 2c89 | 5c24 2844 
  0x0000021787d852c4: 894c 2424 | 8944 2420 | 4489 5424 | 1c44 8974 | 2418 4c89 | 2c24 488b | d549 8be8 | 9048 b8b0 
  0x0000021787d852e4: 9431 9417 

  0x0000021787d852e8: ;   {virtual_call}
  0x0000021787d852e8: 0200 00e8 

  0x0000021787d852ec: ; ImmutableOopMap {rbp=Oop [0]=Oop [8]=Oop [16]=Oop [48]=Oop }
                      ;*invokevirtual isShowing {reexecute=0 rethrow=0 return_oop=0}
                      ; - java.awt.Component::isShowing@24 (line 1442)
                      ; - javax.swing.JComponent::paintImmediately@4 (line 5055)
                      ; - javax.swing.RepaintManager::paintDirtyRegions@195 (line 825)
  0x0000021787d852ec: 92b4 f4ff 

  0x0000021787d852f0: ;   {post_call_nop}
  0x0000021787d852f0: 0f1f 8400 | e807 0004 | 85c0 0f84 | 5c0a 0000 | 4c8b c545 | 8b48 4445 | 8b51 0841 | bb00 0000 
  0x0000021787d85310: 204d 03da | 4d8b 5348 

  0x0000021787d85318: ;   {metadata('javax/swing/JComponent')}
  0x0000021787d85318: 49bb c066 | 0021 0000 | 0000 4d3b | d30f 8597 | 0000 0049 | 8be9 eb43 | 85ed 0f85 | 5c07 0000 
  0x0000021787d85338: baf4 ffff | ff49 8bed | 48ff 7424 | 0848 8f04 | 2448 ff74 | 2410 488f | 4424 0844 | 8954 2414 
  0x0000021787d85358: 4c89 4424 | 1844 8974 

  0x0000021787d85360: ;   {runtime_call UncommonTrapBlob}
  0x0000021787d85360: 2420 90e8 

  0x0000021787d85364: ; ImmutableOopMap {rbp=Oop [0]=Oop [8]=Oop [24]=Oop }
                      ;*checkcast {reexecute=0 rethrow=0 return_oop=0}
                      ; - javax.swing.RepaintManager::paintDirtyRegions@123 (line 810)
  0x0000021787d85364: f858 8dff 

  0x0000021787d85368: ;   {post_call_nop}
  0x0000021787d85368: 0f1f 8400 | 6008 0005 | 498b ea44 | 8b55 0841 | bb00 0000 | 204d 03da | 4d8b 5348 

  0x0000021787d85384: ;   {metadata('javax/swing/JComponent')}
  0x0000021787d85384: 49bb c066 | 0021 0000 | 0000 4d3b | d30f 85c1 | 0500 004d 

  0x0000021787d85398: ; ImmutableOopMap {r8=Oop rbp=Oop [0]=Oop [8]=Oop [16]=Oop }
                      ;*goto {reexecute=1 rethrow=0 return_oop=0}
                      ; - (reexecute) javax.swing.SwingUtilities::getPaintingOrigin@28 (line 1681)
                      ; - javax.swing.JComponent::paintImmediately@12 (line 5059)
                      ; - javax.swing.RepaintManager::paintDirtyRegions@195 (line 825)
                      ;   {poll}
  0x0000021787d85398: 8b5f 3041 | 8503 448b | 5544 458b | 4a08 41bb | 0000 0020 | 4d03 d94d 

  0x0000021787d853b0: ;   {metadata('javax/swing/JComponent')}
  0x0000021787d853b0: 8b5b 4849 | b9c0 6600 | 2100 0000 | 004d 3bd9 | 74ae 458b | 9810 0100 | 0041 83e3 | 080f 84e1 
  0x0000021787d853d0: 0900 0049 | 8bd0 448b | 4424 2044 | 8b4c 2428 | 8b7c 2424 | 8b74 242c 

  0x0000021787d853e8: ;   {optimized virtual_call}
  0x0000021787d853e8: 6666 90e8 

  0x0000021787d853ec: ; ImmutableOopMap {[0]=Oop [8]=Oop [16]=Oop }
                      ;*invokevirtual _paintImmediately {reexecute=0 rethrow=0 return_oop=0}
                      ; - javax.swing.JComponent::paintImmediately@138 (line 5082)
                      ; - javax.swing.RepaintManager::paintDirtyRegions@195 (line 825)
  0x0000021787d853ec: c09a fbff 

  0x0000021787d853f0: ;   {post_call_nop}
  0x0000021787d853f0: 0f1f 8400 | e808 0007 | 4c8b 2c24 | 448b 7424 | 1844 8b54 | 241c 418b | 6d3c 85ed | 0f85 8208 
  0x0000021787d85410: 0000 41ff | c245 3bd6 | 0f8c f5fc | ffff 4588 | 6514 498b | d54c 8b44 

  0x0000021787d85428: ;   {optimized virtual_call}
  0x0000021787d85428: 2408 90e8 

  0x0000021787d8542c: ; ImmutableOopMap {[8]=Oop }
                      ;*invokevirtual updateWindows {reexecute=0 rethrow=0 return_oop=0}
                      ; - javax.swing.RepaintManager::paintDirtyRegions@373 (line 859)
  0x0000021787d8542c: 60c0 ffff 

  0x0000021787d85430: ;   {post_call_nop}
  0x0000021787d85430: 0f1f 8400 | 2809 0008 | 4c8b 5424 | 0841 ff42 | 2045 8b52 | 1441 8b5a | 0c85 db76 | 6744 8bc3 
  0x0000021787d85450: 41ff c844 | 3bc3 0f83 | 0406 0000 | 498b fa4d | 33c0 41bb | e803 0000 | 33c9 448b | cb44 2bc9 
  0x0000021787d85470: 3bd9 440f | 4c4c 2438 | 4181 f9e8 | 0300 0045 | 0f47 cb44 | 03c9 6666 | 0f1f 8400 | 0000 0000 
  0x0000021787d85490: 498d 748a | 1041 807f | 4800 0f85 | 4e0d 0000 | 4489 06ff | c141 3bc9 | 7ce6 498b 

  0x0000021787d854ac: ; ImmutableOopMap {r10=NarrowOop r8=NarrowOop rdi=Oop [8]=Oop }
                      ;*goto {reexecute=1 rethrow=0 return_oop=0}
                      ; - (reexecute) java.util.IdentityHashMap::clear@30 (line 637)
                      ; - javax.swing.RepaintManager::paintDirtyRegions@377 (line 861)
                      ;   {poll}
  0x0000021787d854ac: 5730 8502 | 3bcb 7cb6 | 4c8b 5424 | 0845 8962 | 1c48 83c4 

  0x0000021787d854c0: ;   {poll_return}
  0x0000021787d854c0: 605d 493b | 6728 0f87 | 7c0e 0000 | c333 f633 | c9e9 12fa | ffff 4533 | d244 8954 | 2438 e912 
  0x0000021787d854e0: ;   {metadata('javax/swing/JFrame')}
  0x0000021787d854e0: fcff ff81 | fac0 ae07 | 010f 8529 | 0900 004d | 8bc8 450f | b641 3145 | 85c0 0f84 | 06ff ffff 
  0x0000021787d85500: 4c89 4c24 | 304c 895c | 2428 4489 | 5424 2044 | 8974 241c | 488b 6c24 | 084c 892c | 2449 8bd1 
  0x0000021787d85520: ;   {static_call}
  0x0000021787d85520: 4d8b c1e8 

  0x0000021787d85524: ; ImmutableOopMap {rbp=Oop [0]=Oop [16]=Oop [40]=Oop [48]=Oop }
                      ;*invokestatic safelyGetGraphics {reexecute=0 rethrow=0 return_oop=1}
                      ; - javax.swing.RepaintManager::paintDirtyRegions@213 (line 829)
  0x0000021787d85524: b89e 80ff 

  0x0000021787d85528: ;   {post_call_nop}
  0x0000021787d85528: 0f1f 8400 | 200a 000a | 4885 c00f | 84a1 0000 | 0048 8944 | 2408 4c8b | 5424 2845 | 8b42 0c41 
  0x0000021787d85548: 8b72 1845 | 8b4a 1041 | 8b7a 1448 

  0x0000021787d85554: ;   {optimized virtual_call}
  0x0000021787d85554: 8bd0 90e8 

  0x0000021787d85558: ; ImmutableOopMap {rbp=Oop [0]=Oop [8]=Oop [16]=Oop [48]=Oop }
                      ;*invokevirtual setClip {reexecute=0 rethrow=0 return_oop=0}
                      ; - javax.swing.RepaintManager::paintDirtyRegions@245 (line 834)
  0x0000021787d85558: 8498 80ff 

  0x0000021787d8555c: ;   {post_call_nop}
  0x0000021787d8555c: 0f1f 8400 | 540a 000b | 488b 5424 | 304c 8b44 

  0x0000021787d8556c: ;   {optimized virtual_call}
  0x0000021787d8556c: 2408 90e8 

  0x0000021787d85570: ; ImmutableOopMap {rbp=Oop [0]=Oop [8]=Oop [16]=Oop }
                      ;*invokevirtual paint {reexecute=0 rethrow=0 return_oop=0}
                      ; - javax.swing.RepaintManager::paintDirtyRegions@252 (line 836)
  0x0000021787d85570: 6c98 80ff 

  0x0000021787d85574: ;   {post_call_nop}
  0x0000021787d85574: 0f1f 8400 | 6c0a 000c | 488b 5424 

  0x0000021787d85580: ;   {optimized virtual_call}
  0x0000021787d85580: 0866 90e8 

  0x0000021787d85584: ; ImmutableOopMap {rbp=Oop [0]=Oop [16]=Oop }
                      ;*invokevirtual dispose {reexecute=0 rethrow=0 return_oop=0}
                      ; - javax.swing.RepaintManager::paintDirtyRegions@257 (line 838)
  0x0000021787d85584: 5898 80ff 

  0x0000021787d85588: ;   {post_call_nop}
  0x0000021787d85588: 0f1f 8400 | 800a 000d | 4c8b 2c24 | 4889 6c24 | 0844 8b74 | 241c 448b | 5424 20e9 | 5efe ffff 
  0x0000021787d855a8: 458b c244 | 8bd5 8944 | 2438 4d8b | ee41 3bc9 | 0f8d 37fb | ffff 6690 | 418b 4488 | 1085 c00f 
  0x0000021787d855c8: 8534 0100 | 0083 c102 | 413b c97c | ebe9 1bfb | ffff 4c8b | 2c24 4889 | 6c24 0844 | 8b74 241c 
  0x0000021787d855e8: 448b 5424 | 20e9 14fe | ffff 895c | 242c 4c89 | 4424 3044 | 894c 2424 | 4489 5424 | 2044 8974 
  0x0000021787d85608: 241c 4889 | 4424 f88b | 4424 3889 | 4424 1848 | 8b44 24f8 | 4c89 2c24 | 498b eb44 | 895c 2428 
  0x0000021787d85628: ;   {static_call}
  0x0000021787d85628: 498b d0e8 

  0x0000021787d8562c: ; ImmutableOopMap {rbp=Oop [0]=Oop [8]=Oop [16]=Oop [36]=NarrowOop [40]=NarrowOop [48]=Oop }
                      ;*invokestatic identityHashCode {reexecute=0 rethrow=0 return_oop=0}
                      ; - java.util.IdentityHashMap::hash@1 (line 307)
                      ; - java.util.IdentityHashMap::get@17 (line 341)
                      ; - javax.swing.RepaintManager::paintDirtyRegions@118 (line 810)
  0x0000021787d8562c: b09d 80ff 

  0x0000021787d85630: ;   {post_call_nop}
  0x0000021787d85630: 0f1f 8400 | 280b 000e | 4c8b 2c24 | 4889 4424 | f88b 4424 | 1889 4424 | 3848 8b44 | 24f8 448b 
  0x0000021787d85650: 7424 1c44 | 8b54 2420 | 448b 4c24 | 2444 8b5c | 2428 4c8b | 4424 308b | 5c24 2c8b | c8e9 2bfb 
  0x0000021787d85670: ffff 4d8b | 8fc8 0100 | 004d 8bd1 | 4983 c210 | 4d3b 97d8 | 0100 000f | 8367 0700 | 004d 8997 
  0x0000021787d85690: c801 0000 | 410f 1882 | 0001 0000 | 49c7 0101 

  0x0000021787d856a0: ;   {metadata('java/util/IdentityHashMap$KeySet')}
  0x0000021787d856a0: 0000 0041 | c741 0800 | 533e 004c | 8b54 2408 | 4589 510c | 488b 4c24 | 084c 8d51 | 0c41 807f 
  0x0000021787d856c0: 4800 0f85 | bb0b 0000 | 4d8b c145 | 8902 4d8b | da4d 33d9 | 49c1 eb14 | 0f84 1e00 | 0000 4d8b 
  0x0000021787d856e0: da49 c1eb | 0949 b800 | d0ee f617 | 0200 004d | 03d8 4180 | 3b02 0f85 | eb0b 0000 | e9c7 f6ff 
  0x0000021787d85700: ff44 895c | 2434 4489 | 4424 3044 | 8954 2428 | 4489 4c24 | 2048 895c | 2440 4889 | 7c24 1889 
  0x0000021787d85720: 5424 244c | 896c 2448 | 448b d1e9 | e6f7 ffff 

  0x0000021787d85730: ;   {metadata('java/util/ArrayList')}
  0x0000021787d85730: 48ba a0d8 | 2120 0000 

  0x0000021787d85738: ;   {runtime_call C2 Runtime new_instance}
  0x0000021787d85738: 0000 90e8 

  0x0000021787d8573c: ; ImmutableOopMap {[0]=Oop [8]=Oop }
                      ;*new {reexecute=0 rethrow=0 return_oop=1}
                      ; - javax.swing.RepaintManager::paintDirtyRegions@10 (line 798)
  0x0000021787d8573c: 20db 8dff 

  0x0000021787d85740: ;   {post_call_nop}
  0x0000021787d85740: 0f1f 8400 | 380c 000f | e943 f5ff 

  0x0000021787d8574c: ;   {metadata('java/lang/Object'[])}
  0x0000021787d8574c: ff48 bab8 | 3618 2000 | 0000 0044 | 8bc5 488b 

  0x0000021787d8575c: ;   {runtime_call C2 Runtime new_array}
  0x0000021787d8575c: 2c24 90e8 

  0x0000021787d85760: ; ImmutableOopMap {rbp=Oop [0]=Oop [8]=Oop [16]=Oop }
                      ;*anewarray {reexecute=0 rethrow=0 return_oop=1}
                      ; - java.util.ArrayList::<init>@10 (line 157)
                      ; - javax.swing.RepaintManager::paintDirtyRegions@20 (line 799)
  0x0000021787d85760: 7ca5 8dff 

  0x0000021787d85764: ;   {post_call_nop}
  0x0000021787d85764: 0f1f 8400 | 5c0c 0010 | 4c8b c8e9 | 02f6 ffff 

  0x0000021787d85774: ;   {metadata('javax/swing/JFrame')}
  0x0000021787d85774: 81fb c0ae | 0701 0f85 | d406 0000 | 418b 7020 | e976 faff 

  0x0000021787d85788: ;   {metadata('javax/swing/JFrame')}
  0x0000021787d85788: ff41 81f9 | c0ae 0701 | 0f85 fa06 | 0000 4d8b | c841 8b59 | 1ce9 78fa | ffff bae4 | ffff ff44 
  0x0000021787d857a8: 8b5c 2428 | 4489 5c24 | 2044 8954 

  0x0000021787d857b4: ;   {runtime_call UncommonTrapBlob}
  0x0000021787d857b4: 2424 90e8 

  0x0000021787d857b8: ; ImmutableOopMap {[0]=Oop [8]=Oop [16]=Oop [48]=NarrowOop [52]=NarrowOop }
                      ;*aaload {reexecute=0 rethrow=0 return_oop=0}
                      ; - java.util.IdentityHashMap$KeyIterator::next@8 (line 848)
                      ; - javax.swing.RepaintManager::paintDirtyRegions@46 (line 800)
  0x0000021787d857b8: a454 8dff 

  0x0000021787d857bc: ;   {post_call_nop}
  0x0000021787d857bc: 0f1f 8400 | b40c 0011 | bade ffff | ff44 895c | 2418 448b | 5c24 2844 | 895c 241c 

  0x0000021787d857d8: ;   {runtime_call UncommonTrapBlob}
  0x0000021787d857d8: 6666 90e8 

  0x0000021787d857dc: ; ImmutableOopMap {[0]=Oop [8]=Oop [16]=Oop [24]=NarrowOop [48]=NarrowOop [52]=NarrowOop }
                      ;*checkcast {reexecute=0 rethrow=0 return_oop=0}
                      ; - javax.swing.RepaintManager::paintDirtyRegions@51 (line 800)
  0x0000021787d857dc: 8054 8dff 

  0x0000021787d857e0: ;   {post_call_nop}
  0x0000021787d857e0: 0f1f 8400 | d80c 0012 | ba6e ffff 

  0x0000021787d857ec: ;   {runtime_call UncommonTrapBlob}
  0x0000021787d857ec: ff66 90e8 

  0x0000021787d857f0: ; ImmutableOopMap {[0]=Oop [8]=Oop [16]=Oop [48]=NarrowOop [52]=NarrowOop }
                      ;*if_icmpge {reexecute=1 rethrow=0 return_oop=0}
                      ; - (reexecute) java.util.IdentityHashMap$IdentityHashMapIterator::hasNext@13 (line 744)
                      ; - javax.swing.RepaintManager::paintDirtyRegions@37 (line 800)
  0x0000021787d857f0: 6c54 8dff 

  0x0000021787d857f4: ;   {post_call_nop}
  0x0000021787d857f4: 0f1f 8400 | ec0c 0013 | ba45 ffff | ff48 8b2c | 244c 8b5c | 2408 4c89 | 1c24 4c8b | 5c24 104c 
  0x0000021787d85814: 895c 2408 | 4489 4c24 | 1444 8b4c | 2428 4489 | 5424 1c44 | 894c 2420 | 4489 4424 

  0x0000021787d85830: ;   {runtime_call UncommonTrapBlob}
  0x0000021787d85830: 2466 90e8 

  0x0000021787d85834: ; ImmutableOopMap {rbp=Oop [0]=Oop [8]=Oop [48]=NarrowOop [52]=NarrowOop }
                      ;*if_icmpeq {reexecute=1 rethrow=0 return_oop=0}
                      ; - (reexecute) java.util.IdentityHashMap$IdentityHashMapIterator::nextIndex@11 (line 756)
                      ; - java.util.IdentityHashMap$KeyIterator::next@5 (line 848)
                      ; - javax.swing.RepaintManager::paintDirtyRegions@46 (line 800)
  0x0000021787d85834: 2854 8dff 

  0x0000021787d85838: ;   {post_call_nop}
  0x0000021787d85838: 0f1f 8400 | 300d 0014 | ba45 ffff | ff44 895c | 241c 448b | 5424 2844 | 8954 2420 | 4489 4424 
  0x0000021787d85858: ;   {runtime_call UncommonTrapBlob}
  0x0000021787d85858: 2466 90e8 

  0x0000021787d8585c: ; ImmutableOopMap {[0]=Oop [8]=Oop [16]=Oop [28]=NarrowOop [48]=NarrowOop [52]=NarrowOop }
                      ;*if_acmpne {reexecute=1 rethrow=0 return_oop=0}
                      ; - (reexecute) java.util.IdentityHashMap::unmaskNull@4 (line 214)
                      ; - java.util.IdentityHashMap$KeyIterator::next@9 (line 848)
                      ; - javax.swing.RepaintManager::paintDirtyRegions@46 (line 800)
  0x0000021787d8585c: 0054 8dff 

  0x0000021787d85860: ;   {post_call_nop}
  0x0000021787d85860: 0f1f 8400 | 580d 0015 | bade ffff | ff48 8b2c | 244c 8944 

  0x0000021787d85874: ;   {runtime_call UncommonTrapBlob}
  0x0000021787d85874: 2408 90e8 

  0x0000021787d85878: ; ImmutableOopMap {rbp=Oop [8]=Oop }
                      ;*invokeinterface isEmpty {reexecute=0 rethrow=0 return_oop=0}
                      ; - javax.swing.RepaintManager::paintDirtyRegions@1 (line 794)
  0x0000021787d85878: e453 8dff 

  0x0000021787d8587c: ;   {post_call_nop}
  0x0000021787d8587c: 0f1f 8400 | 740d 0016 | ba45 ffff 

  0x0000021787d85888: ;   {runtime_call UncommonTrapBlob}
  0x0000021787d85888: ff66 90e8 

  0x0000021787d8588c: ; ImmutableOopMap {[0]=Oop [8]=Oop [16]=Oop }
                      ;*ifne {reexecute=1 rethrow=0 return_oop=0}
                      ; - (reexecute) java.util.ArrayList::<init>@20 (line 158)
                      ; - javax.swing.RepaintManager::paintDirtyRegions@20 (line 799)
  0x0000021787d8588c: d053 8dff 

  0x0000021787d85890: ;   {post_call_nop}
  0x0000021787d85890: 0f1f 8400 | 880d 0017 | bade ffff | ff48 8b2c | 2448 ff74 | 2408 488f | 0424 48ff | 7424 1048 
  0x0000021787d858b0: 8f44 2408 | 4c89 4c24 

  0x0000021787d858b8: ;   {runtime_call UncommonTrapBlob}
  0x0000021787d858b8: 1066 90e8 

  0x0000021787d858bc: ; ImmutableOopMap {rbp=Oop [0]=Oop [8]=Oop [16]=Oop }
                      ;*invokeinterface iterator {reexecute=0 rethrow=0 return_oop=0}
                      ; - javax.swing.RepaintManager::paintDirtyRegions@30 (line 800)
  0x0000021787d858bc: a053 8dff 

  0x0000021787d858c0: ;   {post_call_nop}
  0x0000021787d858c0: 0f1f 8400 | b80d 0018 | ba6e ffff | ff48 8b2c | 2448 ff74 | 2408 488f | 0424 48ff | 7424 1048 
  0x0000021787d858e0: 8f44 2408 | 4489 4c24 | 1444 8954 | 2418 4489 | 4424 1c44 | 895c 2420 

  0x0000021787d858f8: ;   {runtime_call UncommonTrapBlob}
  0x0000021787d858f8: 6666 90e8 

  0x0000021787d858fc: ; ImmutableOopMap {rbp=Oop [0]=Oop [8]=Oop [28]=NarrowOop [32]=NarrowOop }
                      ;*if_icmpge {reexecute=1 rethrow=0 return_oop=0}
                      ; - (reexecute) java.util.IdentityHashMap$IdentityHashMapIterator::hasNext@13 (line 744)
                      ; - javax.swing.RepaintManager::paintDirtyRegions@37 (line 800)
  0x0000021787d858fc: 6053 8dff 

  0x0000021787d85900: ;   {post_call_nop}
  0x0000021787d85900: 0f1f 8400 | f80d 0019 | ba66 ffff | ff48 8b2c | 2448 ff74 | 2408 488f | 0424 48ff | 7424 1048 
  0x0000021787d85920: 8f44 2408 | 4489 4c24 | 1444 8954 | 2418 4489 | 4424 1c44 | 895c 2420 

  0x0000021787d85938: ;   {runtime_call UncommonTrapBlob}
  0x0000021787d85938: 6666 90e8 

  0x0000021787d8593c: ; ImmutableOopMap {rbp=Oop [0]=Oop [8]=Oop [28]=NarrowOop [32]=NarrowOop }
                      ;*if_icmpge {reexecute=1 rethrow=0 return_oop=0}
                      ; - (reexecute) java.util.IdentityHashMap$IdentityHashMapIterator::hasNext@13 (line 744)
                      ; - javax.swing.RepaintManager::paintDirtyRegions@37 (line 800)
  0x0000021787d8593c: 2053 8dff 

  0x0000021787d85940: ;   {post_call_nop}
  0x0000021787d85940: 0f1f 8400 | 380e 001a | b902 0000 | 0033 f689 | 7424 38e9 | 5dfc ffff | bade ffff 

  0x0000021787d8595c: ;   {runtime_call UncommonTrapBlob}
  0x0000021787d8595c: ff66 90e8 

  0x0000021787d85960: ; ImmutableOopMap {rbp=Oop [0]=Oop [8]=Oop [16]=Oop }
                      ;*checkcast {reexecute=0 rethrow=0 return_oop=0}
                      ; - javax.swing.SwingUtilities::getPaintingOrigin@15 (line 1677)
                      ; - javax.swing.JComponent::paintImmediately@12 (line 5059)
                      ; - javax.swing.RepaintManager::paintDirtyRegions@195 (line 825)
  0x0000021787d85960: fc52 8dff 

  0x0000021787d85964: ;   {post_call_nop}
  0x0000021787d85964: 0f1f 8400 | 5c0e 001b | bae4 ffff | ff4c 892c | 2444 8954 | 2424 4489 | 5424 2844 | 8974 2430 
  0x0000021787d85984: ;   {runtime_call UncommonTrapBlob}
  0x0000021787d85984: 6666 90e8 

  0x0000021787d85988: ; ImmutableOopMap {[0]=Oop [8]=Oop [16]=Oop }
                      ;*invokestatic checkIndex {reexecute=0 rethrow=0 return_oop=0}
                      ; - java.util.Objects::checkIndex@3 (line 365)
                      ; - java.util.ArrayList::get@5 (line 428)
                      ; - javax.swing.RepaintManager::paintDirtyRegions@105 (line 809)
  0x0000021787d85988: d452 8dff 

  0x0000021787d8598c: ;   {post_call_nop}
  0x0000021787d8598c: 0f1f 8400 | 840e 001c | bae4 ffff | ff4c 892c | 2444 8954 | 241c 4489 | 5424 2044 | 8974 2424 
  0x0000021787d859ac: ;   {runtime_call UncommonTrapBlob}
  0x0000021787d859ac: 6666 90e8 

  0x0000021787d859b0: ; ImmutableOopMap {rbp=NarrowOop [0]=Oop [8]=Oop [16]=Oop }
                      ;*aaload {reexecute=0 rethrow=0 return_oop=0}
                      ; - java.util.ArrayList::elementData@5 (line 412)
                      ; - java.util.ArrayList::get@11 (line 429)
                      ; - javax.swing.RepaintManager::paintDirtyRegions@105 (line 809)
  0x0000021787d859b0: ac52 8dff 

  0x0000021787d859b4: ;   {post_call_nop}
  0x0000021787d859b4: 0f1f 8400 | ac0e 001d | bacc ffff | ff4c 892c | 2444 8954 | 2424 4489 | 5424 2844 | 8974 2430 
  0x0000021787d859d4: ;   {runtime_call UncommonTrapBlob}
  0x0000021787d859d4: 6666 90e8 

  0x0000021787d859d8: ; ImmutableOopMap {[0]=Oop [8]=Oop [16]=Oop }
                      ;*invokestatic checkIndex {reexecute=0 rethrow=0 return_oop=0}
                      ; - java.util.Objects::checkIndex@3 (line 365)
                      ; - java.util.ArrayList::get@5 (line 428)
                      ; - javax.swing.RepaintManager::paintDirtyRegions@105 (line 809)
  0x0000021787d859d8: 8452 8dff 

  0x0000021787d859dc: ;   {post_call_nop}
  0x0000021787d859dc: 0f1f 8400 | d40e 001e | bade ffff | ff49 8bed | 48ff 7424 | 0848 8f04 | 2448 ff74 | 2410 488f 
  0x0000021787d859fc: 4424 0844 | 8954 2414 | 4489 4c24 | 1844 8974 

  0x0000021787d85a0c: ;   {runtime_call UncommonTrapBlob}
  0x0000021787d85a0c: 241c 90e8 

  0x0000021787d85a10: ; ImmutableOopMap {rbp=Oop [0]=Oop [8]=Oop [24]=NarrowOop }
                      ;*checkcast {reexecute=0 rethrow=0 return_oop=0}
                      ; - javax.swing.RepaintManager::paintDirtyRegions@110 (line 809)
  0x0000021787d85a10: 4c52 8dff 

  0x0000021787d85a14: ;   {post_call_nop}
  0x0000021787d85a14: 0f1f 8400 | 0c0f 001f | bae4 ffff | ff49 8bed | 48ff 7424 | 0848 8f04 | 2448 ff74 | 2410 488f 
  0x0000021787d85a34: 4424 0844 | 8954 2414 | 4c89 4424 | 2089 5c24 | 2c44 895c | 2434 894c | 2438 4489 

  0x0000021787d85a50: ;   {runtime_call UncommonTrapBlob}
  0x0000021787d85a50: 7424 3ce8 

  0x0000021787d85a54: ; ImmutableOopMap {rbp=Oop [0]=Oop [8]=Oop [32]=Oop [52]=NarrowOop }
                      ;*aaload {reexecute=0 rethrow=0 return_oop=0}
                      ; - java.util.IdentityHashMap::get@25 (line 343)
                      ; - javax.swing.RepaintManager::paintDirtyRegions@118 (line 810)
  0x0000021787d85a54: 0852 8dff 

  0x0000021787d85a58: ;   {post_call_nop}
  0x0000021787d85a58: 0f1f 8400 | 500f 0020 | ba6e ffff | ff44 8914 | 2489 5c24 

  0x0000021787d85a6c: ;   {runtime_call UncommonTrapBlob}
  0x0000021787d85a6c: 0466 90e8 

  0x0000021787d85a70: ; ImmutableOopMap {[0]=NarrowOop [8]=Oop }
                      ;*if_icmpge {reexecute=1 rethrow=0 return_oop=0}
                      ; - (reexecute) java.util.IdentityHashMap::clear@20 (line 637)
                      ; - javax.swing.RepaintManager::paintDirtyRegions@377 (line 861)
  0x0000021787d85a70: ec51 8dff 

  0x0000021787d85a74: ;   {post_call_nop}
  0x0000021787d85a74: 0f1f 8400 | 6c0f 0021 | ba45 ffff | ff44 895c 

  0x0000021787d85a84: ;   {runtime_call UncommonTrapBlob}
  0x0000021787d85a84: 2418 90e8 

  0x0000021787d85a88: ; ImmutableOopMap {[0]=Oop [8]=Oop [16]=Oop [24]=NarrowOop }
                      ;*ifeq {reexecute=1 rethrow=0 return_oop=0}
                      ; - (reexecute) java.util.IdentityHashMap$IdentityHashMapIterator::<init>@22 (line 736)
                      ; - java.util.IdentityHashMap$KeyIterator::<init>@9 (line 845)
                      ; - java.util.IdentityHashMap$KeySet::iterator@8 (line 997)
                      ; - javax.swing.RepaintManager::paintDirtyRegions@30 (line 800)
  0x0000021787d85a88: d451 8dff 

  0x0000021787d85a8c: ;   {post_call_nop}
  0x0000021787d85a8c: 0f1f 8400 | 840f 0022 | ba45 ffff | ff4c 892c | 2444 8954 | 241c 4c89 | 4424 2844 | 895c 2430 
  0x0000021787d85aac: 895c 2434 | 894c 2438 | 4489 7424 

  0x0000021787d85ab8: ;   {runtime_call UncommonTrapBlob}
  0x0000021787d85ab8: 3c66 90e8 

  0x0000021787d85abc: ; ImmutableOopMap {rbp=NarrowOop [0]=Oop [8]=Oop [16]=Oop [40]=Oop [48]=NarrowOop }
                      ;*ifnonnull {reexecute=1 rethrow=0 return_oop=0}
                      ; - (reexecute) java.util.IdentityHashMap::get@43 (line 346)
                      ; - javax.swing.RepaintManager::paintDirtyRegions@118 (line 810)
  0x0000021787d85abc: a051 8dff 

  0x0000021787d85ac0: ;   {post_call_nop}
  0x0000021787d85ac0: 0f1f 8400 | b80f 0023 | bae4 ffff | ff4c 892c | 2444 8954 | 241c 4c89 | 4424 2044 | 895c 2428 
  0x0000021787d85ae0: 4489 7424 

  0x0000021787d85ae4: ;   {runtime_call UncommonTrapBlob}
  0x0000021787d85ae4: 2c66 90e8 

  0x0000021787d85ae8: ; ImmutableOopMap {[0]=Oop [8]=Oop [16]=Oop [32]=Oop [40]=NarrowOop }
                      ;*aaload {reexecute=0 rethrow=0 return_oop=0}
                      ; - java.util.IdentityHashMap::get@39 (line 345)
                      ; - javax.swing.RepaintManager::paintDirtyRegions@118 (line 810)
  0x0000021787d85ae8: 7451 8dff 

  0x0000021787d85aec: ;   {post_call_nop}
  0x0000021787d85aec: 0f1f 8400 | e40f 0024 | ba45 ffff | ff49 8bed | 48ff 7424 | 0848 8f04 | 2448 ff74 | 2410 488f 
  0x0000021787d85b0c: 4424 0844 | 8954 2414 | 4c89 4424 | 184c 895c | 2428 4489 | 4c24 3044 | 8974 2434 

  0x0000021787d85b28: ;   {runtime_call UncommonTrapBlob}
  0x0000021787d85b28: 6666 90e8 

  0x0000021787d85b2c: ; ImmutableOopMap {rbp=Oop [0]=Oop [8]=Oop [24]=Oop [40]=Oop }
                      ;*iflt {reexecute=1 rethrow=0 return_oop=0}
                      ; - (reexecute) javax.swing.SwingUtilities::computeIntersection@151 (line 553)
                      ; - javax.swing.RepaintManager::paintDirtyRegions@158 (line 819)
  0x0000021787d85b2c: 3051 8dff 

  0x0000021787d85b30: ;   {post_call_nop}
  0x0000021787d85b30: 0f1f 8400 | 2810 0025 | ba45 ffff | ff49 8bed | 48ff 7424 | 0848 8f04 | 2448 ff74 | 2410 488f 
  0x0000021787d85b50: 4424 0844 | 8954 2414 | 4c89 4424 | 1889 5c24 | 2889 7424 | 2c4c 895c | 2430 8944 | 2438 4489 
  0x0000021787d85b70: ;   {runtime_call UncommonTrapBlob}
  0x0000021787d85b70: 7424 3ce8 

  0x0000021787d85b74: ; ImmutableOopMap {rbp=Oop [0]=Oop [8]=Oop [24]=Oop [48]=Oop }
                      ;*if_icmple {reexecute=1 rethrow=0 return_oop=0}
                      ; - (reexecute) javax.swing.SwingUtilities::computeIntersection@6 (line 542)
                      ; - javax.swing.RepaintManager::paintDirtyRegions@158 (line 819)
  0x0000021787d85b74: e850 8dff 

  0x0000021787d85b78: ;   {post_call_nop}
  0x0000021787d85b78: 0f1f 8400 | 7010 0026 | ba45 ffff | ff49 8bed | 48ff 7424 | 0848 8f04 | 2448 ff74 | 2410 488f 
  0x0000021787d85b98: 4424 0844 | 8954 2414 | 4c89 4424 | 1889 7424 | 2c4c 895c | 2430 8944 | 2438 895c | 243c 897c 
  0x0000021787d85bb8: 2440 4489 

  0x0000021787d85bbc: ;   {runtime_call UncommonTrapBlob}
  0x0000021787d85bbc: 7424 44e8 

  0x0000021787d85bc0: ; ImmutableOopMap {rbp=Oop [0]=Oop [8]=Oop [24]=Oop [48]=Oop }
                      ;*if_icmpge {reexecute=1 rethrow=0 return_oop=0}
                      ; - (reexecute) javax.swing.SwingUtilities::computeIntersection@34 (line 543)
                      ; - javax.swing.RepaintManager::paintDirtyRegions@158 (line 819)
  0x0000021787d85bc0: 9c50 8dff 

  0x0000021787d85bc4: ;   {post_call_nop}
  0x0000021787d85bc4: 0f1f 8400 | bc10 0027 | ba45 ffff | ff49 8bed | 48ff 7424 | 0848 8f04 | 2448 ff74 | 2410 488f 
  0x0000021787d85be4: 4424 0844 | 8954 2414 | 4c89 4424 | 1889 7424 | 284c 895c | 2430 8944 | 242c 897c | 2438 895c 
  0x0000021787d85c04: 243c 4489 

  0x0000021787d85c08: ;   {runtime_call UncommonTrapBlob}
  0x0000021787d85c08: 7424 40e8 

  0x0000021787d85c0c: ; ImmutableOopMap {rbp=Oop [0]=Oop [8]=Oop [24]=Oop [48]=Oop }
                      ;*if_icmple {reexecute=1 rethrow=0 return_oop=0}
                      ; - (reexecute) javax.swing.SwingUtilities::computeIntersection@62 (line 544)
                      ; - javax.swing.RepaintManager::paintDirtyRegions@158 (line 819)
  0x0000021787d85c0c: 5050 8dff 

  0x0000021787d85c10: ;   {post_call_nop}
  0x0000021787d85c10: 0f1f 8400 | 0811 0028 | ba45 ffff | ff4c 892c | 2444 8954 | 241c 4c89 | 4424 204c | 895c 2438 
  0x0000021787d85c30: 8944 2434 | 897c 2440 | 895c 2444 | 8974 2448 | 4489 7424 

  0x0000021787d85c44: ;   {runtime_call UncommonTrapBlob}
  0x0000021787d85c44: 4c66 90e8 

  0x0000021787d85c48: ; ImmutableOopMap {[0]=Oop [8]=Oop [16]=Oop [32]=Oop [56]=Oop }
                      ;*if_icmpge {reexecute=1 rethrow=0 return_oop=0}
                      ; - (reexecute) javax.swing.SwingUtilities::computeIntersection@90 (line 545)
                      ; - javax.swing.RepaintManager::paintDirtyRegions@158 (line 819)
  0x0000021787d85c48: 1450 8dff 

  0x0000021787d85c4c: ;   {post_call_nop}
  0x0000021787d85c4c: 0f1f 8400 | 4411 0029 | ba45 ffff | ff49 8bed | 48ff 7424 | 0848 8f04 | 2448 ff74 | 2410 488f 
  0x0000021787d85c6c: 4424 0844 | 8954 2414 | 4c89 4424 | 184c 895c | 2428 894c | 2430 4489 

  0x0000021787d85c84: ;   {runtime_call UncommonTrapBlob}
  0x0000021787d85c84: 7424 34e8 

  0x0000021787d85c88: ; ImmutableOopMap {rbp=Oop [0]=Oop [8]=Oop [24]=Oop [40]=Oop }
                      ;*ifge {reexecute=1 rethrow=0 return_oop=0}
                      ; - (reexecute) javax.swing.SwingUtilities::computeIntersection@159 (line 553)
                      ; - javax.swing.RepaintManager::paintDirtyRegions@158 (line 819)
  0x0000021787d85c88: d44f 8dff 

  0x0000021787d85c8c: ;   {post_call_nop}
  0x0000021787d85c8c: 0f1f 8400 | 8411 002a | ba45 ffff | ff4c 892c | 2444 8954 | 241c 4489 

  0x0000021787d85ca4: ;   {runtime_call UncommonTrapBlob}
  0x0000021787d85ca4: 7424 20e8 

  0x0000021787d85ca8: ; ImmutableOopMap {rbp=NarrowOop [0]=Oop [8]=Oop [16]=Oop }
                      ;*ifnull {reexecute=1 rethrow=0 return_oop=0}
                      ; - (reexecute) javax.swing.RepaintManager::paintDirtyRegions@277 (line 844)
  0x0000021787d85ca8: b44f 8dff 

  0x0000021787d85cac: ;   {post_call_nop}
  0x0000021787d85cac: 0f1f 8400 | a411 002b | ba45 ffff | ff4c 892c | 2444 8954 | 241c 8944 | 2428 895c | 242c 4489 
  0x0000021787d85ccc: 4c24 3089 | 4c24 344c | 8944 2438 | 4489 7424 

  0x0000021787d85cdc: ;   {runtime_call UncommonTrapBlob}
  0x0000021787d85cdc: 4066 90e8 

  0x0000021787d85ce0: ; ImmutableOopMap {[0]=Oop [8]=Oop [16]=Oop [56]=Oop }
                      ;*ifeq {reexecute=1 rethrow=0 return_oop=0}
                      ; - (reexecute) java.awt.Component::isShowing@4 (line 1440)
                      ; - javax.swing.JComponent::paintImmediately@4 (line 5055)
                      ; - javax.swing.RepaintManager::paintDirtyRegions@195 (line 825)
  0x0000021787d85ce0: 7c4f 8dff 

  0x0000021787d85ce4: ;   {post_call_nop}
  0x0000021787d85ce4: 0f1f 8400 | dc11 002c | ba45 ffff | ff4c 892c | 2444 8954 | 241c 8944 | 2428 895c | 242c 4489 
  0x0000021787d85d04: 4c24 3089 | 4c24 344c | 8944 2438 | 4489 7424 

  0x0000021787d85d14: ;   {runtime_call UncommonTrapBlob}
  0x0000021787d85d14: 4066 90e8 

  0x0000021787d85d18: ; ImmutableOopMap {rbp=NarrowOop [0]=Oop [8]=Oop [16]=Oop [56]=Oop }
                      ;*ifnull {reexecute=1 rethrow=0 return_oop=0}
                      ; - (reexecute) java.awt.Component::isShowing@11 (line 1440)
                      ; - javax.swing.JComponent::paintImmediately@4 (line 5055)
                      ; - javax.swing.RepaintManager::paintDirtyRegions@195 (line 825)
  0x0000021787d85d18: 444f 8dff 

  0x0000021787d85d1c: ;   {post_call_nop}
  0x0000021787d85d1c: 0f1f 8400 | 1412 002d | ba45 ffff | ff4c 892c | 2444 8954 | 241c 8944 | 2428 895c | 242c 4489 
  0x0000021787d85d3c: 4c24 3089 | 4c24 344c | 8944 2438 | 4489 7424 

  0x0000021787d85d4c: ;   {runtime_call UncommonTrapBlob}
  0x0000021787d85d4c: 4066 90e8 

  0x0000021787d85d50: ; ImmutableOopMap {rbp=NarrowOop [0]=Oop [8]=Oop [16]=Oop [56]=Oop }
                      ;*ifnull {reexecute=1 rethrow=0 return_oop=0}
                      ; - (reexecute) java.awt.Component::isShowing@20 (line 1442)
                      ; - javax.swing.JComponent::paintImmediately@4 (line 5055)
                      ; - javax.swing.RepaintManager::paintDirtyRegions@195 (line 825)
  0x0000021787d85d50: 0c4f 8dff 

  0x0000021787d85d54: ;   {post_call_nop}
  0x0000021787d85d54: 0f1f 8400 | 4c12 002e | ba45 ffff | ff48 8b2c | 244c 8b54 | 2408 4c89 | 1424 4c8b | 5424 104c 
  0x0000021787d85d74: 8954 2408 | 448b 5424 | 1c44 8954 | 2414 448b | 5424 2044 | 8954 241c | 448b 5c24 | 2844 895c 
  0x0000021787d85d94: 2420 448b | 5c24 2c44 | 895c 2428 | 8944 242c 

  0x0000021787d85da4: ;   {runtime_call UncommonTrapBlob}
  0x0000021787d85da4: 6666 90e8 

  0x0000021787d85da8: ; ImmutableOopMap {rbp=Oop [0]=Oop [8]=Oop [48]=Oop }
                      ;*ifeq {reexecute=1 rethrow=0 return_oop=0}
                      ; - (reexecute) java.awt.Component::isShowing@27 (line 1442)
                      ; - javax.swing.JComponent::paintImmediately@4 (line 5055)
                      ; - javax.swing.RepaintManager::paintDirtyRegions@195 (line 825)
  0x0000021787d85da8: b44e 8dff 

  0x0000021787d85dac: ;   {post_call_nop}
  0x0000021787d85dac: 0f1f 8400 | a412 002f | 4585 db44 | 8b5c 2438 | 410f 95c3 | ba45 ffff | ff48 8b2c | 244c 8b54 
  0x0000021787d85dcc: 2408 4c89 | 1424 4c8b | 5424 104c | 8954 2408 | 4489 5c24 | 104c 8944 

  0x0000021787d85de4: ;   {runtime_call UncommonTrapBlob}
  0x0000021787d85de4: 2430 90e8 

  0x0000021787d85de8: ; ImmutableOopMap {rbp=Oop [0]=Oop [8]=Oop [48]=Oop }
                      ;*ifne {reexecute=1 rethrow=0 return_oop=0}
                      ; - (reexecute) javax.swing.JComponent::paintImmediately@74 (line 5067)
                      ; - javax.swing.RepaintManager::paintDirtyRegions@195 (line 825)
  0x0000021787d85de8: 744e 8dff 

  0x0000021787d85dec: ;   {post_call_nop}
  0x0000021787d85dec: 0f1f 8400 | e412 0030 

  0x0000021787d85df4: ;   {metadata('java/util/IdentityHashMap$KeySet')}
  0x0000021787d85df4: 48ba 0053 | 3e20 0000 | 0000 488b 

  0x0000021787d85e00: ;   {runtime_call C2 Runtime new_instance}
  0x0000021787d85e00: 2c24 90e8 

  0x0000021787d85e04: ; ImmutableOopMap {rbp=Oop [0]=Oop [8]=Oop [16]=Oop }
                      ;*new {reexecute=0 rethrow=0 return_oop=1}
                      ; - java.util.IdentityHashMap::keySet@9 (line 989)
                      ; - javax.swing.RepaintManager::paintDirtyRegions@25 (line 800)
  0x0000021787d85e04: 58d4 8dff 

  0x0000021787d85e08: ;   {post_call_nop}
  0x0000021787d85e08: 0f1f 8400 | 0013 0031 | 4c8b c8e9 | 93f8 ffff | bade ffff | ff49 8bed | 48ff 7424 | 0848 8f04 
  0x0000021787d85e28: 2448 ff74 | 2410 488f | 4424 0844 | 8954 2414 | 4c89 5c24 | 204c 8944 | 2428 4489 

  0x0000021787d85e44: ;   {runtime_call UncommonTrapBlob}
  0x0000021787d85e44: 7424 30e8 

  0x0000021787d85e48: ; ImmutableOopMap {rbp=Oop [0]=Oop [8]=Oop [32]=Oop [40]=Oop }
                      ;*invokevirtual isShowing {reexecute=0 rethrow=0 return_oop=0}
                      ; - javax.swing.RepaintManager::paintDirtyRegions@203 (line 828)
  0x0000021787d85e48: 144e 8dff 

  0x0000021787d85e4c: ;   {post_call_nop}
  0x0000021787d85e4c: 0f1f 8400 | 4413 0032 | bac6 ffff | ff49 8bed | 48ff 7424 | 0848 8f04 | 2448 ff74 | 2410 488f 
  0x0000021787d85e6c: 4424 0844 | 8954 2414 | 4c89 5c24 | 204c 8944 | 2428 4489 

  0x0000021787d85e80: ;   {runtime_call UncommonTrapBlob}
  0x0000021787d85e80: 7424 30e8 

  0x0000021787d85e84: ; ImmutableOopMap {rbp=Oop [0]=Oop [8]=Oop [32]=Oop [40]=Oop }
                      ;*invokevirtual getHeight {reexecute=0 rethrow=0 return_oop=0}
                      ; - javax.swing.RepaintManager::paintDirtyRegions@138 (line 817)
  0x0000021787d85e84: d84d 8dff 

  0x0000021787d85e88: ;   {post_call_nop}
  0x0000021787d85e88: 0f1f 8400 | 8013 0033 | bac6 ffff | ff49 8bed | 48ff 7424 | 0848 8f04 | 2448 ff74 | 2410 488f 
  0x0000021787d85ea8: 4424 0844 | 8954 2414 | 4c89 5c24 | 2089 7424 | 284c 8944 | 2430 4489 

  0x0000021787d85ec0: ;   {runtime_call UncommonTrapBlob}
  0x0000021787d85ec0: 7424 2ce8 

  0x0000021787d85ec4: ; ImmutableOopMap {rbp=Oop [0]=Oop [8]=Oop [32]=Oop [48]=Oop }
                      ;*invokevirtual getWidth {reexecute=0 rethrow=0 return_oop=0}
                      ; - javax.swing.RepaintManager::paintDirtyRegions@145 (line 818)
  0x0000021787d85ec4: 984d 8dff 

  0x0000021787d85ec8: ;   {post_call_nop}
  0x0000021787d85ec8: 0f1f 8400 | c013 0034 | bade ffff | ff4c 892c | 2444 8954 | 241c 4c89 | 4424 2044 | 8974 2428 
  0x0000021787d85ee8: ;   {runtime_call UncommonTrapBlob}
  0x0000021787d85ee8: 6666 90e8 

  0x0000021787d85eec: ; ImmutableOopMap {rbp=NarrowOop [0]=Oop [8]=Oop [16]=Oop [32]=Oop }
                      ;*checkcast {reexecute=0 rethrow=0 return_oop=0}
                      ; - javax.swing.RepaintManager::paintDirtyRegions@123 (line 810)
  0x0000021787d85eec: 704d 8dff 

  0x0000021787d85ef0: ;   {post_call_nop}
  0x0000021787d85ef0: 0f1f 8400 | e813 0035 | bade ffff | ff49 8bed | 48ff 7424 | 0848 8f04 | 2448 ff74 | 2410 488f 
  0x0000021787d85f10: 4424 0844 | 8954 2414 | 4c89 5c24 | 184c 8944 | 2420 4489 

  0x0000021787d85f24: ;   {runtime_call UncommonTrapBlob}
  0x0000021787d85f24: 7424 28e8 

  0x0000021787d85f28: ; ImmutableOopMap {rbp=Oop [0]=Oop [8]=Oop [24]=Oop [32]=Oop }
                      ;*checkcast {reexecute=0 rethrow=0 return_oop=0}
                      ; - javax.swing.RepaintManager::paintDirtyRegions@172 (line 825)
  0x0000021787d85f28: 344d 8dff 

  0x0000021787d85f2c: ;   {post_call_nop}
  0x0000021787d85f2c: 0f1f 8400 | 2414 0036 | baf4 ffff 

  0x0000021787d85f38: ;   {runtime_call UncommonTrapBlob}
  0x0000021787d85f38: ff66 90e8 

  0x0000021787d85f3c: ; ImmutableOopMap {[0]=Oop [8]=Oop [16]=Oop [48]=NarrowOop [52]=NarrowOop }
                      ;*checkcast {reexecute=0 rethrow=0 return_oop=0}
                      ; - javax.swing.RepaintManager::paintDirtyRegions@51 (line 800)
  0x0000021787d85f3c: 204d 8dff 

  0x0000021787d85f40: ;   {post_call_nop}
  0x0000021787d85f40: 0f1f 8400 | 3814 0037 | baf6 ffff | ff48 8b2c 

  0x0000021787d85f50: ;   {runtime_call UncommonTrapBlob}
  0x0000021787d85f50: 2466 90e8 

  0x0000021787d85f54: ; ImmutableOopMap {rbp=Oop }
                      ;*invokeinterface isEmpty {reexecute=0 rethrow=0 return_oop=0}
                      ; - javax.swing.RepaintManager::paintDirtyRegions@1 (line 794)
  0x0000021787d85f54: 084d 8dff 

  0x0000021787d85f58: ;   {post_call_nop}
  0x0000021787d85f58: 0f1f 8400 | 5014 0038 | baf6 ffff | ff48 8b2c | 2448 ff74 | 2408 488f | 0424 48ff | 7424 1048 
  0x0000021787d85f78: 8f44 2408 | 4489 5424 | 1044 8944 | 2414 4489 

  0x0000021787d85f88: ;   {runtime_call UncommonTrapBlob}
  0x0000021787d85f88: 5c24 18e8 

  0x0000021787d85f8c: ; ImmutableOopMap {rbp=Oop [0]=Oop [8]=Oop [20]=NarrowOop [24]=NarrowOop }
                      ;*arraylength {reexecute=0 rethrow=0 return_oop=0}
                      ; - java.util.IdentityHashMap$IdentityHashMapIterator::hasNext@12 (line 744)
                      ; - javax.swing.RepaintManager::paintDirtyRegions@37 (line 800)
  0x0000021787d85f8c: d04c 8dff 

  0x0000021787d85f90: ;   {post_call_nop}
  0x0000021787d85f90: 0f1f 8400 | 8814 0039 | baf4 ffff | ff48 8b2c | 244c 8b54 | 2408 4c89 | 1424 4c8b | 5424 104c 
  0x0000021787d85fb0: 8954 2408 | 448b 5c24 | 1c45 8bd3 | 4489 5424 | 1444 8b5c | 2420 4489 | 5c24 1c44 | 8b54 2428 
  0x0000021787d85fd0: 4489 5424 | 204c 8944 

  0x0000021787d85fd8: ;   {runtime_call UncommonTrapBlob}
  0x0000021787d85fd8: 2430 90e8 

  0x0000021787d85fdc: ; ImmutableOopMap {rbp=Oop [0]=Oop [8]=Oop [48]=Oop }
                      ;*instanceof {reexecute=0 rethrow=0 return_oop=0}
                      ; - javax.swing.SwingUtilities::getPaintingOrigin@8 (line 1676)
                      ; - javax.swing.JComponent::paintImmediately@12 (line 5059)
                      ; - javax.swing.RepaintManager::paintDirtyRegions@195 (line 825)
  0x0000021787d85fdc: 804c 8dff 

  0x0000021787d85fe0: ;   {post_call_nop}
  0x0000021787d85fe0: 0f1f 8400 | d814 003a | baf6 ffff | ff49 8bed | 48ff 7424 | 0848 8f04 | 2448 ff74 | 2410 488f 
  0x0000021787d86000: 4424 0844 | 8954 2414 | 4489 5424 | 1844 8974 

  0x0000021787d86010: ;   {runtime_call UncommonTrapBlob}
  0x0000021787d86010: 241c 90e8 

  0x0000021787d86014: ; ImmutableOopMap {rbp=Oop [0]=Oop [8]=Oop }
                      ;*aaload {reexecute=0 rethrow=0 return_oop=0}
                      ; - java.util.ArrayList::elementData@5 (line 412)
                      ; - java.util.ArrayList::get@11 (line 429)
                      ; - javax.swing.RepaintManager::paintDirtyRegions@105 (line 809)
  0x0000021787d86014: 484c 8dff 

  0x0000021787d86018: ;   {post_call_nop}
  0x0000021787d86018: 0f1f 8400 | 1015 003b | baf4 ffff | ff49 8bed | 48ff 7424 | 0848 8f04 | 2448 ff74 | 2410 488f 
  0x0000021787d86038: 4424 0844 | 8954 2414 | 4489 7424 

  0x0000021787d86044: ;   {runtime_call UncommonTrapBlob}
  0x0000021787d86044: 1866 90e8 

  0x0000021787d86048: ; ImmutableOopMap {rbp=Oop [0]=Oop [8]=Oop }
                      ;*checkcast {reexecute=0 rethrow=0 return_oop=0}
                      ; - javax.swing.RepaintManager::paintDirtyRegions@110 (line 809)
  0x0000021787d86048: 144c 8dff 

  0x0000021787d8604c: ;   {post_call_nop}
  0x0000021787d8604c: 0f1f 8400 | 4415 003c | baf6 ffff | ff49 8bed | 48ff 7424 | 0848 8f04 | 2448 ff74 | 2410 488f 
  0x0000021787d8606c: 4424 0844 | 8954 2414 | 4c89 4424 | 1844 8974 

  0x0000021787d8607c: ;   {runtime_call UncommonTrapBlob}
  0x0000021787d8607c: 2420 90e8 

  0x0000021787d86080: ; ImmutableOopMap {rbp=Oop [0]=Oop [8]=Oop [24]=Oop }
                      ;*arraylength {reexecute=0 rethrow=0 return_oop=0}
                      ; - java.util.IdentityHashMap::get@11 (line 340)
                      ; - javax.swing.RepaintManager::paintDirtyRegions@118 (line 810)
  0x0000021787d86080: dc4b 8dff 

  0x0000021787d86084: ;   {post_call_nop}
  0x0000021787d86084: 0f1f 8400 | 7c15 003d | baf6 ffff 

  0x0000021787d86090: ;   {runtime_call UncommonTrapBlob}
  0x0000021787d86090: ff66 90e8 

  0x0000021787d86094: ; ImmutableOopMap {}
                      ;*arraylength {reexecute=0 rethrow=0 return_oop=0}
                      ; - java.util.IdentityHashMap::clear@19 (line 637)
                      ; - javax.swing.RepaintManager::paintDirtyRegions@377 (line 861)
  0x0000021787d86094: c84b 8dff 

  0x0000021787d86098: ;   {post_call_nop}
  0x0000021787d86098: 0f1f 8400 | 9015 003e | ba45 ffff | ff48 8b2c | 2448 ff74 | 2408 488f | 0424 48ff | 7424 1048 
  0x0000021787d860b8: 8f44 2408 | 4489 5c24 | 1444 895c 

  0x0000021787d860c4: ;   {runtime_call UncommonTrapBlob}
  0x0000021787d860c4: 2418 90e8 

  0x0000021787d860c8: ; ImmutableOopMap {rbp=Oop [0]=Oop [8]=Oop [20]=NarrowOop [24]=NarrowOop }
                      ;*ifnonnull {reexecute=1 rethrow=0 return_oop=0}
                      ; - (reexecute) java.util.Objects::requireNonNull@1 (line 219)
                      ; - java.util.IdentityHashMap$KeyIterator::<init>@2 (line 845)
                      ; - java.util.IdentityHashMap$KeySet::iterator@8 (line 997)
                      ; - javax.swing.RepaintManager::paintDirtyRegions@30 (line 800)
  0x0000021787d860c8: 944b 8dff 

  0x0000021787d860cc: ;   {post_call_nop}
  0x0000021787d860cc: 0f1f 8400 | c415 003f | ba95 ffff | ff48 8b2c | 244c 8b5c | 2408 4c89 | 1c24 4889 

  0x0000021787d860e8: ;   {runtime_call UncommonTrapBlob}
  0x0000021787d860e8: 4424 08e8 

  0x0000021787d860ec: ; ImmutableOopMap {rbp=Oop [0]=Oop [8]=Oop }
                      ;*astore {reexecute=0 rethrow=0 return_oop=0}
                      ; - javax.swing.RepaintManager::paintDirtyRegions@263 (line 838)
  0x0000021787d860ec: 704b 8dff 

  0x0000021787d860f0: ;   {post_call_nop}
  0x0000021787d860f0: 0f1f 8400 | e815 0040 | baf4 ffff | ff48 8b2c | 244c 8b54 | 2408 4c89 | 1424 4c8b | 5424 104c 
  0x0000021787d86110: 8954 2408 | 448b 5424 | 1c44 8954 | 2414 448b | 5424 2044 | 8954 241c | 448b 5c24 | 2844 895c 
  0x0000021787d86130: ;   {runtime_call UncommonTrapBlob}
  0x0000021787d86130: 2420 90e8 

  0x0000021787d86134: ; ImmutableOopMap {rbp=Oop [0]=Oop [8]=Oop [48]=Oop }
                      ;*instanceof {reexecute=0 rethrow=0 return_oop=0}
                      ; - javax.swing.SwingUtilities::getPaintingOrigin@8 (line 1676)
                      ; - javax.swing.JComponent::paintImmediately@12 (line 5059)
                      ; - javax.swing.RepaintManager::paintDirtyRegions@195 (line 825)
  0x0000021787d86134: 284b 8dff 

  0x0000021787d86138: ;   {post_call_nop}
  0x0000021787d86138: 0f1f 8400 | 3016 0041 | 488b e8eb | 1448 8be8 | eb0f 488b | e8eb 0a48 | 8be8 eb05 | eb00 488b 
  0x0000021787d86158: e8ba 95ff 

  0x0000021787d8615c: ;   {runtime_call UncommonTrapBlob}
  0x0000021787d8615c: ffff 90e8 

  0x0000021787d86160: ; ImmutableOopMap {rbp=Oop [0]=Oop }
                      ;*astore {reexecute=0 rethrow=0 return_oop=0}
                      ; - javax.swing.RepaintManager::paintDirtyRegions@361 (line 856)
  0x0000021787d86160: fc4a 8dff 

  0x0000021787d86164: ;   {post_call_nop}
  0x0000021787d86164: 0f1f 8400 | 5c16 0042 | 488b d0eb | 1248 8bd0 | eb0d 488b | d0eb 0848 | 8bd0 eb03 | 488b d048 
  0x0000021787d86184: 83c4 605d 

  0x0000021787d86188: ;   {runtime_call C2 Runtime rethrow}
  0x0000021787d86188: e9d3 348e | fff0 8344 | 24c0 0041 | 8038 000f | 841f ecff | ff41 c600 | 004d 8b5f | 504d 85db 
  0x0000021787d861a8: 0f84 1400 | 0000 4983 | eb08 4d89 | 5f50 4d03 | 5f58 4d89 | 03e9 faeb | ffff 4883 | ec30 4c89 
  0x0000021787d861c8: 5424 2849 | 8bc8 498b 

  0x0000021787d861d0: ;   {runtime_call}
  0x0000021787d861d0: d748 b880 | 03a2 84fa | 7f00 00ff | d04c 8b54 | 2428 c5f8 | 7748 83c4 | 30e9 ceeb | ffff 8b06 
  0x0000021787d861f0: 4883 f800 | 0f84 a6f2 | ffff 498b | 5738 4885 | d20f 8414 | 0000 0048 | 83ea 0849 | 8957 3849 
  0x0000021787d86210: 0357 4048 | 8902 e985 | f2ff ff48 | 83ec 604c | 8954 2458 | 4c89 5c24 | 504c 8944 | 2448 4c89 
  0x0000021787d86230: 4c24 4048 | 894c 2438 | 4889 7c24 | 3048 8974 | 2428 488b | c849 8bd7 

  0x0000021787d86248: ;   {runtime_call}
  0x0000021787d86248: 48b8 a003 | a284 fa7f | 0000 ffd0 | 488b 7424 | 2848 8b7c | 2430 488b | 4c24 384c | 8b4c 2440 
  0x0000021787d86268: 4c8b 4424 | 484c 8b5c | 2450 4c8b | 5424 58c5 | f877 4883 | c460 e91d | f2ff ff45 | 8b02 4983 
  0x0000021787d86288: f800 0f84 | 38f4 ffff | 4d8b 5f38 | 4d85 db0f | 8414 0000 | 0049 83eb | 084d 895f | 384d 035f 
  0x0000021787d862a8: 404d 8903 | e917 f4ff | ff48 83ec | 304c 8954 | 2428 4c89 | 4c24 2049 | 8bc8 498b 

  0x0000021787d862c4: ;   {runtime_call}
  0x0000021787d862c4: d748 b8a0 | 03a2 84fa | 7f00 00ff | d04c 8b4c | 2420 4c8b | 5424 28c5 | f877 4883 | c430 e9e1 
  0x0000021787d862e4: f3ff fff0 | 8344 24c0 | 0041 803b | 000f 8405 | f4ff ff41 | c603 004d | 8b47 504d | 85c0 0f84 
  0x0000021787d86304: 1400 0000 | 4983 e808 | 4d89 4750 | 4d03 4758 | 4d89 18e9 | e0f3 ffff | 4883 ec30 | 4c89 4c24 
  0x0000021787d86324: 2849 8bcb 

  0x0000021787d86328: ;   {runtime_call}
  0x0000021787d86328: 498b d748 | b880 03a2 | 84fa 7f00 | 00ff d04c | 8b4c 2428 | c5f8 7748 | 83c4 30e9 | b4f3 ffff 
  0x0000021787d86348: ;   {internal_word}
  0x0000021787d86348: 49ba c254 | d887 1702 | 0000 4d89 | 97e0 0400 

  0x0000021787d86358: ;   {runtime_call SafepointBlob}
  0x0000021787d86358: 00e9 02ac 

  0x0000021787d8635c: ;   {runtime_call Stub::method_entry_barrier}
  0x0000021787d8635c: 80ff e89d | df7e ffe9 | c2e8 ffff 
[Stub Code]
  0x0000021787d86368: ;   {static_stub}
  0x0000021787d86368: 48bb 0000 | 0000 0000 

  0x0000021787d86370: ;   {runtime_call nmethod}
  0x0000021787d86370: 0000 e9fb 

  0x0000021787d86374: ;   {static_stub}
  0x0000021787d86374: ffff ff48 | bb00 0000 | 0000 0000 

  0x0000021787d86380: ;   {runtime_call nmethod}
  0x0000021787d86380: 00e9 fbff 

  0x0000021787d86384: ;   {static_stub}
  0x0000021787d86384: ffff 48bb | 0000 0000 | 0000 0000 

  0x0000021787d86390: ;   {runtime_call nmethod}
  0x0000021787d86390: e9fb ffff 

  0x0000021787d86394: ;   {static_stub}
  0x0000021787d86394: ff48 bb00 | 0000 0000 

  0x0000021787d8639c: ;   {runtime_call nmethod}
  0x0000021787d8639c: 0000 00e9 | fbff ffff 

  0x0000021787d863a4: ;   {static_stub}
  0x0000021787d863a4: 48bb 0000 | 0000 0000 

  0x0000021787d863ac: ;   {runtime_call nmethod}
  0x0000021787d863ac: 0000 e9fb 

  0x0000021787d863b0: ;   {static_stub}
  0x0000021787d863b0: ffff ff48 | bb00 0000 | 0000 0000 

  0x0000021787d863bc: ;   {runtime_call nmethod}
  0x0000021787d863bc: 00e9 fbff 

  0x0000021787d863c0: ;   {static_stub}
  0x0000021787d863c0: ffff 48bb | 0000 0000 | 0000 0000 

  0x0000021787d863cc: ;   {runtime_call nmethod}
  0x0000021787d863cc: e9fb ffff 

  0x0000021787d863d0: ;   {static_stub}
  0x0000021787d863d0: ff48 bb00 | 0000 0000 

  0x0000021787d863d8: ;   {runtime_call nmethod}
  0x0000021787d863d8: 0000 00e9 | fbff ffff 
[Exception Handler]
  0x0000021787d863e0: ;   {runtime_call ExceptionBlob}
  0x0000021787d863e0: e97b 4e8d | ffe8 0000 | 0000 4883 

  0x0000021787d863ec: ;   {runtime_call DeoptimizationBlob}
  0x0000021787d863ec: 2c24 05e9 | 6cae 80ff | f4f4 f4f4 
[/MachCode]


Compiled method (c2) 420276 3962       4       java.awt.EventQueue::dispatchEvent (48 bytes)
 total in heap  [0x0000021787d5ea08,0x0000021787d61868] = 11872
 main code      [0x0000021787d5eb00,0x0000021787d616b8] = 11192
 stub code      [0x0000021787d616b8,0x0000021787d61848] = 400
 oops           [0x0000021787d61848,0x0000021787d61868] = 32
 mutable data [0x000002178f26eeb0,0x000002178f26f5d0] = 1824
 relocation     [0x000002178f26eeb0,0x000002178f26f230] = 896
 metadata       [0x000002178f26f230,0x000002178f26f5d0] = 928
 immutable data [0x000002178f97d7a0,0x000002178f97ea88] = 4840
 dependencies   [0x000002178f97d7a0,0x000002178f97d8b0] = 272
 nul chk table  [0x000002178f97d8b0,0x000002178f97d938] = 136
 handler table  [0x000002178f97d938,0x000002178f97dc20] = 744
 scopes pcs     [0x000002178f97dc20,0x000002178f97e240] = 1568
 scopes data    [0x000002178f97e240,0x000002178f97ea88] = 2120

[Constant Pool (empty)]

[MachCode]
[Instructions begin]
  0x0000021787d5eb00: 6690 448b | 5208 443b 

  0x0000021787d5eb08: ;   {runtime_call Shared Runtime ic_miss_blob}
  0x0000021787d5eb08: 5008 0f85 | d0ff 82ff 
[Verified Entry Point]
  0x0000021787d5eb10: 8984 2400 | 80ff ff55 | 4881 ec80 | 0000 0090 | 4181 7f20 | 0100 0000 | 0f85 7d2b | 0000 4c89 
  0x0000021787d5eb30: 4424 4045 | 8b50 0c4c | 8bc2 448b | 5a4c 4585 | db0f 851f | 1700 004c | 8b5c 2440 | 41c6 431a 
  0x0000021787d5eb50: 0141 8b6b | 08be 0000 | 0020 4803 | f54c 8b6e 

  0x0000021787d5eb60: ;   {metadata('java/awt/event/InvocationEvent')}
  0x0000021787d5eb60: 5081 fd40 | d00b 010f | 8517 0a00 | 0045 8b58 | 2c45 8b53 

  0x0000021787d5eb74: ;   {metadata('java/util/concurrent/locks/ReentrantLock')}
  0x0000021787d5eb74: 0841 81fa | 0089 1d00 | 0f85 2217 | 0000 4d8b | d345 8b52 | 0c45 85d2 | 0f84 f616 | 0000 4d8b 
  0x0000021787d5eb94: 9f10 0400 | 0049 8b0b | 41b9 0100 | 0000 33c0 | f045 0fb1 | 4a18 410f | 94c3 450f | b6db 4585 
  0x0000021787d5ebb4: db0f 84b2 | 0c00 004d | 8d4a 0c41 | 807f 4800 | 0f85 8221 | 0000 488b | d941 8919 | 4d8b d94c 
  0x0000021787d5ebd4: 33d9 49c1 | eb14 0f84 | 1e00 0000 | 4d8b d949 | c1eb 0948 | bb00 d0ee | f617 0200 | 004c 03db 
  0x0000021787d5ebf4: 4180 3b02 | 0f85 c621 

  0x0000021787d5ebfc: ;   {oop(a 'java/lang/Class'{0x0000000081974120} = 'java/awt/EventQueue')}
  0x0000021787d5ebfc: 0000 49ba | 2041 9781 | 0000 0000 | 450f b69a | b000 0000 | 4585 db0f | 854b 1900 | 0045 8b58 
  0x0000021787d5ec1c: 344d 8bd3 | 493b ca0f | 857b 1900 | 0049 8b87 | c801 0000 | 4c8b d049 | 83c2 204d | 3b97 d801 
  0x0000021787d5ec3c: 0000 0f83 | 7115 0000 | 4d89 97c8 | 0100 0041 | 0f18 8200 | 0100 0048 | c700 0100 

  0x0000021787d5ec58: ;   {metadata('java/lang/ref/WeakReference')}
  0x0000021787d5ec58: 0000 c740 | 0868 741b | 004c 8960 | 104c 8960 | 184c 8b54 | 2440 4d8b | da44 8958 

  0x0000021787d5ec74: ;   {oop(a 'java/lang/ref/ReferenceQueue$Null'{0x0000000081810938})}
  0x0000021787d5ec74: 0c41 ba38 | 0981 814c | 8d58 1045 | 8913 f083 | 4424 c000 | 4d8d 5040 | 4180 7f48 | 000f 85a2 
  0x0000021787d5ec94: 2100 004c | 8bd8 4589 | 1a49 8bfa | 4833 f848 | c1ef 140f | 841d 0000 | 0049 8bfa | 48c1 ef09 
  0x0000021787d5ecb4: 49bb 00d0 | eef6 1702 | 0000 4903 | fb80 3f02 | 0f85 f121 

  0x0000021787d5ecc8: ;   {metadata('java/awt/event/InputEvent')}
  0x0000021787d5ecc8: 0000 49ba | e0c8 0721 | 0000 0000 | 4d3b ea0f | 855e 0800 | 004c 8b54 | 2440 4d8b 

  0x0000021787d5ece4: ;   {metadata('java/awt/event/KeyEvent')}
  0x0000021787d5ece4: 5a20 81fd | 70b7 0a01 | 7504 4d89 | 5818 4d8b | 4810 458b | 502c 4d3b | d94d 0f4c | d94d 8958 
  0x0000021787d5ed04: 1045 8b5a 

  0x0000021787d5ed08: ;   {metadata('java/util/concurrent/locks/ReentrantLock')}
  0x0000021787d5ed08: 0841 81fb | 0089 1d00 | 0f85 b215 | 0000 458b | 4a0c 458b | 4118 458b | 590c 4d8b | d34c 3bd1 
  0x0000021787d5ed28: 0f85 9e18 | 0000 4183 | f801 7515 | 4833 db4d | 8d59 0c41 | 807f 4800 | 0f85 e821 | 0000 4189 
  0x0000021787d5ed48: 1b45 8bd0 | 41ff ca45 | 8951 18f0 | 8344 24c0 | 0041 83f8 | 0175 1645 | 8b51 1045 | 85d2 740d 
  0x0000021787d5ed68: 458b 5a14 | 4585 db0f | 85e3 0b00 | 0048 8b54 | 2440 448b 

  0x0000021787d5ed7c: ;   {metadata('java/awt/event/InvocationEvent')}
  0x0000021787d5ed7c: 5208 4181 | fa40 d00b | 010f 85ba | 0d00 0048 | 8954 2450 | 440f b65a | 1d45 85db | 0f85 5618 
  0x0000021787d5ed9c: 0000 448b | 5228 458b | 4208 498b 

  0x0000021787d5eda8: ;   {metadata('javax/swing/RepaintManager$ProcessingRunnable')}
  0x0000021787d5eda8: f241 81f8 | 706e 0a01 | 0f85 360c | 0000 488d | 5c24 704c | 8b16 418b | 9fd8 0600 | 0041 f6c2 
  0x0000021787d5edc8: 020f 8537 | 0000 0081 | fb27 0700 | 000f 8f4b | 0000 0049 | 3b74 1ff8 | 7416 498b | c248 83c8 
  0x0000021787d5ede8: 0149 83e2 | fef0 4c0f | b116 0f85 | 2e00 0000 | 4989 341f | 4183 87d8 | 0600 0008 | eb1e 4833 
  0x0000021787d5ee08: c049 8b9f | c804 0000 | f049 0fb1 | 5a3e 740c | 483b d875 | 0949 ff82 | 8600 0000 | 33c0 0f85 
  0x0000021787d5ee28: 0015 0000 | 4488 660c | 488d 4424 | 7041 8b87 | d806 0000 | 4c8b 1649 | 3b74 07f8 | 0f85 2e00 
  0x0000021787d5ee48: 0000 4183 | afd8 0600 | 0008 493b | 7407 f00f | 845f 0000 | 0049 8bc2 | 4883 e0fc | 4983 ca01 
  0x0000021787d5ee68: f04c 0fb1 | 160f 852b | 2800 00e9 | 4400 0000 | 4983 ba86 | 0000 0000 | 7533 49c7 | 423e 0000 
  0x0000021787d5ee88: 0000 f083 | 4424 c000 | 4983 ba8e | 0000 0000 | 7422 4983 | ba9e 0000 | 0000 7518 | 4983 e2fd 
  0x0000021787d5eea8: ;   {other}
  0x0000021787d5eea8: 4d89 97e8 | 0500 0041 | 83ca 01eb | 0a49 ff8a | 8600 0000 | 4533 d20f | 8594 1400 | 0044 8b6e 
  0x0000021787d5eec8: 1045 85ed | 0f84 1214 | 0000 4d8b | f548 8d5c | 2470 4d8b | 1641 8b9f | d806 0000 | 41f6 c202 
  0x0000021787d5eee8: 0f85 3700 | 0000 81fb | 2707 0000 | 0f8f 4b00 | 0000 4d3b | 741f f874 | 1649 8bc2 | 4883 c801 
  0x0000021787d5ef08: 4983 e2fe | f04d 0fb1 | 160f 852e | 0000 004d | 8934 1f41 | 8387 d806 | 0000 08eb | 1e48 33c0 
  0x0000021787d5ef28: 498b 9fc8 | 0400 00f0 | 490f b15a | 3e74 0c48 | 3bd8 7509 | 49ff 8286 | 0000 0033 | c00f 8533 
  0x0000021787d5ef48: 1400 0041 | 8b6d 1c44 

  0x0000021787d5ef50: ;   {metadata('java/util/IdentityHashMap')}
  0x0000021787d5ef50: 8b5d 0841 | 81fb 406d | 2500 0f85 | 5f14 0000 | 488b dd44 | 8b53 1c45 | 85d2 0f85 | d60c 0000 
  0x0000021787d5ef70: 488d 4424 | 7041 8b87 | d806 0000 | 4d8b 164d | 3b74 07f8 | 0f85 2e00 | 0000 4183 | afd8 0600 
  0x0000021787d5ef90: 0008 4d3b | 7407 f00f | 845f 0000 | 0049 8bc2 | 4883 e0fc | 4983 ca01 | f04d 0fb1 | 160f 85de 
  0x0000021787d5efb0: 2600 00e9 | 4400 0000 | 4983 ba86 | 0000 0000 | 7533 49c7 | 423e 0000 | 0000 f083 | 4424 c000 
  0x0000021787d5efd0: 4983 ba8e | 0000 0000 | 7422 4983 | ba9e 0000 | 0000 7518 | 4983 e2fd | 4d89 97e8 | 0500 0041 
  0x0000021787d5eff0: 83ca 01eb | 0a49 ff8a | 8600 0000 | 4533 d20f | 850f 1500 | 008b 6e10 | 85ed 0f84 | f012 0000 
  0x0000021787d5f010: 4c8b c548 | 8d5c 2470 | 4d8b 1041 | 8b9f d806 | 0000 41f6 | c202 0f85 | 3700 0000 | 81fb 2707 
  0x0000021787d5f030: 0000 0f8f | 4b00 0000 | 4d3b 441f | f874 1649 | 8bc2 4883 | c801 4983 | e2fe f04d | 0fb1 100f 
  0x0000021787d5f050: ;   {other}
  0x0000021787d5f050: 852e 0000 | 004d 8904 | 1f41 8387 | d806 0000 | 08eb 1e48 | 33c0 498b | 9fc8 0400 | 00f0 490f 
  0x0000021787d5f070: b15a 3e74 | 0c48 3bd8 | 7509 49ff | 8286 0000 | 0033 c00f | 8557 1300 | 0044 8b5d | 2845 85db 
  0x0000021787d5f090: 0f85 f214 | 0000 488d | 4424 7041 | 8b87 d806 | 0000 4d8b | 104d 3b44 | 07f8 0f85 | 2e00 0000 
  0x0000021787d5f0b0: 4183 afd8 | 0600 0008 | 4d3b 4407 | f00f 845f | 0000 0049 | 8bc2 4883 | e0fc 4983 | ca01 f04d 
  0x0000021787d5f0d0: 0fb1 100f | 85ab 2500 | 00e9 4400 | 0000 4983 | ba86 0000 | 0000 7533 | 49c7 423e | 0000 0000 
  0x0000021787d5f0f0: f083 4424 | c000 4983 | ba8e 0000 | 0000 7422 | 4983 ba9e | 0000 0000 | 7518 4983 | e2fd 4d89 
  0x0000021787d5f110: 97e8 0500 | 0041 83ca | 01eb 0a49 | ff8a 8600 | 0000 4533 | d20f 85e7 | 1200 008b | 7e10 85ff 
  0x0000021787d5f130: 0f84 e211 | 0000 488b | f748 8d5c | 2470 4c8b | 1641 8b9f | d806 0000 | 41f6 c202 | 0f85 3700 
  0x0000021787d5f150: ;   {other}
  0x0000021787d5f150: 0000 81fb | 2707 0000 | 0f8f 4b00 | 0000 493b | 741f f874 | 1649 8bc2 | 4883 c801 | 4983 e2fe 
  0x0000021787d5f170: f04c 0fb1 | 160f 852e | 0000 0049 | 8934 1f41 | 8387 d806 | 0000 08eb | 1e48 33c0 | 498b 9fc8 
  0x0000021787d5f190: 0400 00f0 | 490f b15a | 3e74 0c48 | 3bd8 7509 | 49ff 8286 | 0000 0033 | c00f 8588 | 1200 0044 
  0x0000021787d5f1b0: 8b6f 2c8b | 6f20 4d33 | d24c 8d4f | 2c41 807f | 4800 0f85 | d11d 0000 | 4589 1148 | 8d44 2470 
  0x0000021787d5f1d0: 418b 87d8 | 0600 004c | 8b1e 493b | 7407 f80f | 852e 0000 | 0041 83af | d806 0000 | 0849 3b74 
  0x0000021787d5f1f0: 07f0 0f84 | 5f00 0000 | 498b c348 | 83e0 fc49 | 83cb 01f0 | 4c0f b11e | 0f85 6924 | 0000 e944 
  0x0000021787d5f210: 0000 0049 | 83bb 8600 | 0000 0075 | 3349 c743 | 3e00 0000 | 00f0 8344 | 24c0 0049 | 83bb 8e00 
  0x0000021787d5f230: 0000 0074 | 2249 83bb | 9e00 0000 | 0075 1849 | 83e3 fd4d | 899f e805 | 0000 4183 | cb01 eb0a 
  0x0000021787d5f250: ;   {other}
  0x0000021787d5f250: 49ff 8b86 | 0000 0045 | 33db 0f85 | 0612 0000 | 4585 ed0f | 85ae 0d00 | 0048 8d5c | 2470 4c8b 
  0x0000021787d5f270: 1641 8b9f | d806 0000 | 41f6 c202 | 0f85 3700 | 0000 81fb | 2707 0000 | 0f8f 4b00 | 0000 493b 
  0x0000021787d5f290: 741f f874 | 1649 8bc2 | 4883 c801 | 4983 e2fe | f04c 0fb1 | 160f 852e | 0000 0049 | 8934 1f41 
  0x0000021787d5f2b0: 8387 d806 | 0000 08eb | 1e48 33c0 | 498b 9fc8 | 0400 00f0 | 490f b15a | 3e74 0c48 | 3bd8 7509 
  0x0000021787d5f2d0: 49ff 8286 | 0000 0033 | c00f 85ac | 1100 0044 | 8b57 2444 | 8b6f 204c | 8d4f 2441 | 807f 4800 
  0x0000021787d5f2f0: 0f85 221d | 0000 4589 | 2941 8bcd | 498b d948 | 33d9 48c1 | eb14 0f84 | 2700 0000 | 4883 f900 
  0x0000021787d5f310: 0f84 1d00 | 0000 498b | d948 c1eb | 0948 b900 | d0ee f617 | 0200 0048 | 03d9 803b | 020f 856e 
  0x0000021787d5f330: 1d00 004c | 8d4f 2041 | 807f 4800 | 0f85 e61d | 0000 4589 | 1145 8bc2 | 4d8b d94d 

  0x0000021787d5f34c: ;   {other}
  0x0000021787d5f34c: 33d8 49c1 | eb14 0f84 | 2800 0000 | 4983 f800 | 0f84 1e00 | 0000 4d8b | d949 c1eb | 0949 b800 
  0x0000021787d5f36c: d0ee f617 | 0200 004d | 03d8 4180 | 3b02 0f85 | 201e 0000 

  0x0000021787d5f380: ; implicit exception: dispatches to 0x0000021787d60b38
  0x0000021787d5f380: 458b 4208 

  0x0000021787d5f384: ;   {metadata('java/util/IdentityHashMap')}
  0x0000021787d5f384: 4181 f840 | 6d25 000f | 8529 1100 | 004d 8bca | 458b 4114 | 41ff 4120 

  0x0000021787d5f39c: ; implicit exception: dispatches to 0x0000021787d60b54
  0x0000021787d5f39c: 458b 580c | 4585 db0f | 8678 0000 | 0045 8bd3 | 41ff ca45 | 3bd3 0f83 | 8111 0000 | 498b c0bb 
  0x0000021787d5f3bc: e803 0000 | 33c9 eb09 | c5f9 7ec7 | c4e1 f97e | ce41 8bd3 | 2bd1 4533 | d244 3bd9 | 410f 4cd2 
  0x0000021787d5f3dc: 81fa e803 | 0000 0f47 | d303 d1c5 | f96e c7c4 | e1f9 6ece | 4d33 d249 | 8d74 8810 | 4180 7f48 
  0x0000021787d5f3fc: 000f 8512 | 1e00 0044 | 8916 ffc1 | 3bca 7ce4 

  0x0000021787d5f40c: ; ImmutableOopMap {r8=NarrowOop r9=Oop rax=Oop rbp=NarrowOop r13=NarrowOop xmm0=NarrowOop xmm1=Oop [80]=Oop }
                      ;*goto {reexecute=1 rethrow=0 return_oop=0}
                      ; - (reexecute) java.util.IdentityHashMap::clear@30 (line 637)
                      ; - javax.swing.RepaintManager::paintDirtyRegions@26 (line 786)
                      ; - javax.swing.RepaintManager::prePaintDirtyRegions@73 (line 738)
                      ; - javax.swing.RepaintManager$ProcessingRunnable::run@37 (line 1840)
                      ; - java.awt.event.InvocationEvent::dispatch@47 (line 323)
                      ; - java.awt.EventQueue::dispatchEventImpl@21 (line 723)
                      ; - java.awt.EventQueue::dispatchEvent@22 (line 702)
  0x0000021787d5f40c: 4d8b 5730 

  0x0000021787d5f410: ;   {poll}
  0x0000021787d5f410: 4185 0241 | 3bcb 7cac | c5f9 7ec7 | c4e1 f97e | ce45 8961 | 1c48 8d44 | 2470 418b | 87d8 0600 
  0x0000021787d5f430: 004c 8b16 | 493b 7407 | f80f 852e | 0000 0041 | 83af d806 | 0000 0849 | 3b74 07f0 | 0f84 5f00 
  0x0000021787d5f450: 0000 498b | c248 83e0 | fc49 83ca | 01f0 4c0f | b116 0f85 | 0222 0000 | e944 0000 | 0049 83ba 
  0x0000021787d5f470: 8600 0000 | 0075 3349 | c742 3e00 | 0000 00f0 | 8344 24c0 | 0049 83ba | 8e00 0000 | 0074 2249 
  0x0000021787d5f490: 83ba 9e00 | 0000 0075 | 1849 83e2 | fd4d 8997 | e805 0000 | 4183 ca01 | eb0a 49ff | 8a86 0000 
  0x0000021787d5f4b0: 0045 33d2 | 0f85 2210 | 0000 897c | 2428 4d8b | c548 8974 | 2420 488b 

  0x0000021787d5f4c8: ;   {optimized virtual_call}
  0x0000021787d5f4c8: d666 90e8 

  0x0000021787d5f4cc: ; ImmutableOopMap {rbp=NarrowOop [32]=Oop [40]=NarrowOop [80]=Oop }
                      ;*invokevirtual paintDirtyRegions {reexecute=0 rethrow=0 return_oop=0}
                      ; - javax.swing.RepaintManager::paintDirtyRegions@46 (line 788)
                      ; - javax.swing.RepaintManager::prePaintDirtyRegions@73 (line 738)
                      ; - javax.swing.RepaintManager$ProcessingRunnable::run@37 (line 1840)
                      ; - java.awt.event.InvocationEvent::dispatch@47 (line 323)
                      ; - java.awt.EventQueue::dispatchEventImpl@21 (line 723)
                      ; - java.awt.EventQueue::dispatchEvent@22 (line 702)
  0x0000021787d5f4cc: 4057 0200 

  0x0000021787d5f4d0: ;   {post_call_nop}
  0x0000021787d5f4d0: 0f1f 8400 | c80a 0001 

  0x0000021787d5f4d8: ; implicit exception: dispatches to 0x0000021787d60b70
  0x0000021787d5f4d8: 448b 5508 

  0x0000021787d5f4dc: ;   {metadata('java/util/IdentityHashMap')}
  0x0000021787d5f4dc: 4181 fa40 | 6d25 000f | 8518 1000 | 004c 8bd5 | 458b 5a1c | 4585 db0f | 8f47 1100 | 004c 8b54 
  0x0000021787d5f4fc: 2450 41c6 | 421c 01f0 | 8344 24c0 | 0045 8b52 | 2c45 85d2 | 0f85 fa10 | 0000 4c8b | 5424 5045 
  0x0000021787d5f51c: 8b5a 3045 | 85db 0f85 | 0011 0000 | 4881 c480 | 0000 005d 

  0x0000021787d5f530: ;   {poll_return}
  0x0000021787d5f530: 493b 6728 | 0f87 1a21 

  0x0000021787d5f538: ;   {metadata('java/awt/event/InputMethodEvent')}
  0x0000021787d5f538: 0000 c381 | fd38 750e | 010f 8421 

  0x0000021787d5f544: ;   {metadata('java/awt/event/ActionEvent')}
  0x0000021787d5f544: 1100 0081 | fdc8 770e | 010f 8431 | 1100 004c 

  0x0000021787d5f554: ;   {metadata('java/awt/event/InvocationEvent')}
  0x0000021787d5f554: 8b56 4849 | bb40 d00b | 2100 0000 | 004d 3bd3 | 0f85 7304 

  0x0000021787d5f568: ;   {metadata('java/awt/event/InvocationEvent')}
  0x0000021787d5f568: 0000 81fd | 40d0 0b01 | 0f85 0615 | 0000 4c8b | 5424 404d | 8b5a 20e9 | 6ef7 ffff 

  0x0000021787d5f584: ;   {metadata('java/awt/event/KeyEvent')}
  0x0000021787d5f584: 81fd 70b7 | 0a01 745b | 4c8b 5e20 

  0x0000021787d5f590: ;   {metadata('java/awt/ActiveEvent')}
  0x0000021787d5f590: 48b8 38ce | 0b21 0000 | 0000 4c3b | d80f 84ca | f5ff ff48 | 33ff 4c8b | 9ea8 0000 | 0049 8bd3 
  0x0000021787d5f5b0: 48c1 e230 | 0f89 2100 | 0000 f348 | 0fb8 d248 | 8b5e 2848 | 3b04 d374 | 1549 0fba | e310 730b 
  0x0000021787d5f5d0: 49c1 cb0f 

  0x0000021787d5f5d4: ;   {runtime_call Stub::lookup_secondary_supers_table_slow_path}
  0x0000021787d5f5d4: e8ea 4e81 | ffeb 0348 | ffc7 4885 | ff0f 8486 | f5ff ff45 

  0x0000021787d5f5e8: ;   {metadata('java/awt/Component')}
  0x0000021787d5f5e8: 8b4a 0849 | bb88 4200 | 2100 0000 | 00b9 0000 | 0020 4903 | c94c 8b49 | 384d 3bcb | 0f85 8611 
  0x0000021787d5f608: 0000 4c8b | 5c24 4045 | 8b5b 1445 

  0x0000021787d5f614: ;   {metadata('javax/swing/JFrame')}
  0x0000021787d5f614: 8b4a 0841 | 81f9 c0ae | 0701 0f84 | da01 0000 

  0x0000021787d5f624: ;   {metadata('engine/GamePanel')}
  0x0000021787d5f624: 4181 f900 | 4004 010f | 8587 1200 | 0045 8b82 | d000 0000 | 4585 c075 | 074c 896c | 2420 eb47 
  0x0000021787d5f644: ;   {metadata('sun/awt/dnd/SunDropTargetEvent')}
  0x0000021787d5f644: 498b d081 | fdc0 660f | 010f 856f | 0500 004c | 8954 2428 | 4c89 6c24 | 2048 8b6c | 2440 4c8b 
  0x0000021787d5f664: ;   {optimized virtual_call}
  0x0000021787d5f664: c566 90e8 

  0x0000021787d5f668: ; ImmutableOopMap {rbp=Oop [40]=Oop [64]=Oop }
                      ;*invokevirtual processDropTargetEvent {reexecute=0 rethrow=0 return_oop=0}
                      ; - java.awt.LightweightDispatcher::dispatchEvent@16 (line 4496)
                      ; - java.awt.Container::dispatchEventImpl@12 (line 2304)
                      ; - java.awt.Component::dispatchEvent@2 (line 4790)
                      ; - java.awt.EventQueue::dispatchEventImpl@41 (line 725)
                      ; - java.awt.EventQueue::dispatchEvent@22 (line 702)
  0x0000021787d5f668: 74f7 82ff 

  0x0000021787d5f66c: ;   {post_call_nop}
  0x0000021787d5f66c: 0f1f 8400 | 640c 0002 | 4c8b 6c24 | 204c 8b54 | 2428 85c0 | 0f85 9312 | 0000 4c89 | 6c24 204c 
  0x0000021787d5f68c: 8954 2428 | 488b 6c24 | 4049 8bd2 

  0x0000021787d5f698: ;   {optimized virtual_call}
  0x0000021787d5f698: 4c8b c5e8 

  0x0000021787d5f69c: ; ImmutableOopMap {rbp=Oop [40]=Oop }
                      ;*invokespecial dispatchEventImpl {reexecute=0 rethrow=0 return_oop=0}
                      ; - java.awt.Container::dispatchEventImpl@42 (line 2318)
                      ; - java.awt.Component::dispatchEvent@2 (line 4790)
                      ; - java.awt.EventQueue::dispatchEventImpl@41 (line 725)
                      ; - java.awt.EventQueue::dispatchEvent@22 (line 702)
  0x0000021787d5f69c: 0041 76f8 

  0x0000021787d5f6a0: ;   {post_call_nop}
  0x0000021787d5f6a0: 0f1f 8400 | 980c 0003 

  0x0000021787d5f6a8: ;   {oop(a 'java/awt/Component$AWTTreeLock'{0x00000000837764e0})}
  0x0000021787d5f6a8: 49bb e064 | 7783 0000 | 0000 488d | 5c24 704d | 8b13 418b | 9fd8 0600 | 0041 f6c2 | 020f 8537 
  0x0000021787d5f6c8: 0000 0081 | fb27 0700 | 000f 8f4b | 0000 004d | 3b5c 1ff8 | 7416 498b | c248 83c8 | 0149 83e2 
  0x0000021787d5f6e8: fef0 4d0f | b113 0f85 | 2e00 0000 | 4d89 1c1f | 4183 87d8 | 0600 0008 | eb1e 4833 | c049 8b9f 
  0x0000021787d5f708: c804 0000 | f049 0fb1 | 5a3e 740c | 483b d875 | 0949 ff82 | 8600 0000 | 33c0 0f85 | d011 0000 
  0x0000021787d5f728: 448b 5d14 | 458d 539c | 4183 fa02 | 0f82 9a11 

  0x0000021787d5f738: ;   {oop(a 'java/awt/Component$AWTTreeLock'{0x00000000837764e0})}
  0x0000021787d5f738: 0000 49bb | e064 7783 | 0000 0000 | 488d 4424 | 7041 8b87 | d806 0000 | 4d8b 134d | 3b5c 07f8 
  0x0000021787d5f758: 0f85 2e00 | 0000 4183 | afd8 0600 | 0008 4d3b | 5c07 f00f | 845f 0000 | 0049 8bc2 | 4883 e0fc 
  0x0000021787d5f778: 4983 ca01 | f04d 0fb1 | 130f 85c0 | 1e00 00e9 | 4400 0000 | 4983 ba86 | 0000 0000 | 7533 49c7 
  0x0000021787d5f798: 423e 0000 | 0000 f083 | 4424 c000 | 4983 ba8e | 0000 0000 | 7422 4983 | ba9e 0000 | 0000 7518 
  0x0000021787d5f7b8: 4983 e2fd | 4d89 97e8 | 0500 0041 | 83ca 01eb | 0a49 ff8a | 8600 0000 | 4533 d274 

  0x0000021787d5f7d4: ;   {oop(a 'java/awt/Component$AWTTreeLock'{0x00000000837764e0})}
  0x0000021787d5f7d4: 5348 b9e0 | 6477 8300 | 0000 0048 | 8d54 2470 

  0x0000021787d5f7e4: ;   {runtime_call}
  0x0000021787d5f7e4: 4d8b c749 | ba50 80e8 | 84fa 7f00 | 0041 ffd2 

  0x0000021787d5f7f4: ;   {post_call_nop}
  0x0000021787d5f7f4: 0f1f 8400 | 0000 0000 | eb2a 4183 | fb65 0f84 | 7d03 0000 | 4c89 6c24 | 2048 8b6c | 2440 498b 
  0x0000021787d5f814: d24c 8bc5 

  0x0000021787d5f818: ;   {optimized virtual_call}
  0x0000021787d5f818: 6666 90e8 

  0x0000021787d5f81c: ; ImmutableOopMap {rbp=Oop }
                      ;*invokespecial dispatchEventImpl {reexecute=0 rethrow=0 return_oop=0}
                      ; - java.awt.Window::dispatchEventImpl@19 (line 2671)
                      ; - java.awt.Component::dispatchEvent@2 (line 4790)
                      ; - java.awt.EventQueue::dispatchEventImpl@41 (line 725)
                      ; - java.awt.EventQueue::dispatchEvent@22 (line 702)
  0x0000021787d5f81c: 8033 76f8 

  0x0000021787d5f820: ;   {post_call_nop}
  0x0000021787d5f820: 0f1f 8400 | 180e 0004 | 4c8b 5424 

  0x0000021787d5f82c: ;   {metadata('java/awt/event/InputEvent')}
  0x0000021787d5f82c: 2049 bbe0 | c807 2100 | 0000 004d | 3bd3 0f85 | e8fc ffff 

  0x0000021787d5f840: ;   {static_call}
  0x0000021787d5f840: 6666 90e8 

  0x0000021787d5f844: ; ImmutableOopMap {rbp=Oop }
                      ;*invokestatic getInputEventAccessor {reexecute=0 rethrow=0 return_oop=1}
                      ; - java.awt.AWTEvent::dispatched@7 (line 571)
                      ; - java.awt.EventQueue::dispatchEventImpl@45 (line 726)
                      ; - java.awt.EventQueue::dispatchEvent@22 (line 702)
  0x0000021787d5f844: d81f 0000 

  0x0000021787d5f848: ;   {post_call_nop}
  0x0000021787d5f848: 0f1f 8400 | 400e 0005 | 4c8b d544 

  0x0000021787d5f854: ;   {metadata('java/awt/event/InputEvent$1')}
  0x0000021787d5f854: 8b40 0841 | 81f8 18d4 | 0701 0f85 | ed0f 0000 | 4588 6228 | e9bb fcff | ff41 8b7a | 0c45 8b5a 
  0x0000021787d5f874: 1848 8bdf | 483b d90f | 84bc 0000 | 0045 85db | 755d 33c0 | f045 0fb1 | 4a18 410f | 94c3 450f 
  0x0000021787d5f894: b6db 4585 | db74 484d | 8d4a 0c41 | 807f 4800 | 0f85 221a | 0000 488b | d941 8919 | 4d8b d94c 
  0x0000021787d5f8b4: 33d9 49c1 | eb14 0f84 | 1e00 0000 | 4d8b d949 | c1eb 0948 | bb00 d0ee | f617 0200 | 004c 03db 
  0x0000021787d5f8d4: 4180 3b02 | 0f85 661a | 0000 e91b | f3ff ff48 | 894c 2448 | 4c89 6c24 | 3848 8974 | 2430 4c89 
  0x0000021787d5f8f4: 4424 2848 | ff74 2440 | 488f 4424 | 2049 8bd2 | 4533 c033 | ff33 f633 | c945 33d2 | 4c89 1424 
  0x0000021787d5f914: ;   {optimized virtual_call}
  0x0000021787d5f914: 6666 90e8 

  0x0000021787d5f918: ; ImmutableOopMap {[32]=Oop [40]=Oop [64]=Oop [72]=Oop }
                      ;*invokevirtual acquire {reexecute=0 rethrow=0 return_oop=0}
                      ; - java.util.concurrent.locks.AbstractQueuedSynchronizer::acquire@15 (line 1030)
                      ; - java.util.concurrent.locks.ReentrantLock$Sync::lock@9 (line 154)
                      ; - java.util.concurrent.locks.ReentrantLock::lock@4 (line 323)
                      ; - java.awt.EventQueue::setCurrentEventAndMostRecentTimeImpl@4 (line 1201)
                      ; - java.awt.EventQueue::dispatchEventImpl@14 (line 722)
                      ; - java.awt.EventQueue::dispatchEvent@22 (line 702)
  0x0000021787d5f918: c4f4 82ff 

  0x0000021787d5f91c: ;   {post_call_nop}
  0x0000021787d5f91c: 0f1f 8400 | 140f 0006 | 4c8b 4424 | 2848 8b74 | 2430 4c8b | 6c24 3848 | 8b4c 2448 | e9c1 f2ff 
  0x0000021787d5f93c: ff41 ffc3 | 4585 db0f | 8c47 0f00 | 0045 895a | 18f0 8344 | 24c0 00e9 | a6f2 ffff | 458b 430c 
  0x0000021787d5f95c: 4585 c00f | 8410 f4ff | ff41 8b43 | 0c44 8bd0 | 4183 e2fe | f045 0fb1 | 530c 410f | 94c2 450f 
  0x0000021787d5f97c: b6d2 4585 | d20f 84e5 | 0e00 0045 | 8b53 1845 | 85d2 0f84 | e1f3 ffff | 458b 5a08 

  0x0000021787d5f998: ;   {metadata('java/lang/BaseVirtualThread')}
  0x0000021787d5f998: 4d8b c249 | ba28 371a | 2000 0000 | 0041 b900 | 0000 204d | 03cb 4d8b | 5940 4d3b | da0f 85a6 
  0x0000021787d5f9b8: ;   {oop(a 'java/lang/System$1'{0x00000000818008b8})}
  0x0000021787d5f9b8: 0100 0048 | bab8 0880 | 8100 0000 | 0048 8b6c 

  0x0000021787d5f9c8: ;   {optimized virtual_call}
  0x0000021787d5f9c8: 2440 90e8 

  0x0000021787d5f9cc: ; ImmutableOopMap {rbp=Oop [64]=Oop }
                      ;*invokeinterface unparkVirtualThread {reexecute=0 rethrow=0 return_oop=0}
                      ; - java.util.concurrent.locks.LockSupport::unpark@15 (line 181)
                      ; - java.util.concurrent.locks.AbstractQueuedSynchronizer::signalNext@30 (line 646)
                      ; - java.util.concurrent.locks.AbstractQueuedSynchronizer::release@12 (line 1100)
                      ; - java.util.concurrent.locks.ReentrantLock::unlock@5 (line 495)
                      ; - java.awt.EventQueue::setCurrentEventAndMostRecentTimeImpl@168 (line 1236)
                      ; - java.awt.EventQueue::dispatchEventImpl@14 (line 722)
                      ; - java.awt.EventQueue::dispatchEvent@22 (line 702)
  0x0000021787d5f9cc: 10f4 82ff 

  0x0000021787d5f9d0: ;   {post_call_nop}
  0x0000021787d5f9d0: 0f1f 8400 | c80f 0007 | e998 f3ff | ff49 bb00 | 0000 0000 | 0000 80e9 | 06f3 ffff 

  0x0000021787d5f9ec: ;   {metadata('sun/awt/GlobalCursorManager$NativeUpdater')}
  0x0000021787d5f9ec: 4181 f808 | 710f 010f | 85b3 0d00 | 0048 8d5c | 2470 4c8b | 1641 8b9f | d806 0000 | 41f6 c202 
  0x0000021787d5fa0c: 0f85 3700 | 0000 81fb | 2707 0000 | 0f8f 4b00 | 0000 493b | 741f f874 | 1649 8bc2 | 4883 c801 
  0x0000021787d5fa2c: 4983 e2fe | f04c 0fb1 | 160f 852e | 0000 0049 | 8934 1f41 | 8387 d806 | 0000 08eb | 1e48 33c0 
  0x0000021787d5fa4c: 498b 9fc8 | 0400 00f0 | 490f b15a | 3e74 0c48 | 3bd8 7509 | 49ff 8286 | 0000 0033 | c00f 8559 
  0x0000021787d5fa6c: 0d00 000f | b67e 0c85 | ff74 0444 | 8866 0c48 | 8d44 2470 | 418b 87d8 | 0600 004c | 8b16 493b 
  0x0000021787d5fa8c: 7407 f80f | 852e 0000 | 0041 83af | d806 0000 | 0849 3b74 | 07f0 0f84 | 5f00 0000 | 498b c248 
  0x0000021787d5faac: 83e0 fc49 | 83ca 01f0 | 4c0f b116 | 0f85 7c1b | 0000 e944 | 0000 0049 | 83ba 8600 | 0000 0075 
  0x0000021787d5facc: 3349 c742 | 3e00 0000 | 00f0 8344 | 24c0 0049 | 83ba 8e00 | 0000 0074 | 2249 83ba 

  0x0000021787d5fae8: ;   {other}
  0x0000021787d5fae8: 9e00 0000 | 0075 1849 | 83e2 fd4d | 8997 e805 | 0000 4183 | ca01 eb0a | 49ff 8a86 | 0000 0045 
  0x0000021787d5fb08: 33d2 0f85 | e60c 0000 | 85ff 0f84 | e1f9 ffff | 448b 5e10 | 4585 db0f | 84f6 0c00 | 0049 8bd3 
  0x0000021787d5fb28: 4533 c048 | 8b6c 2450 

  0x0000021787d5fb30: ;   {optimized virtual_call}
  0x0000021787d5fb30: 6666 90e8 

  0x0000021787d5fb34: ; ImmutableOopMap {rbp=Oop [80]=Oop }
                      ;*invokevirtual _updateCursor {reexecute=0 rethrow=0 return_oop=0}
                      ; - sun.awt.GlobalCursorManager$NativeUpdater::run@39 (line 52)
                      ; - java.awt.event.InvocationEvent::dispatch@47 (line 323)
                      ; - java.awt.EventQueue::dispatchEventImpl@21 (line 723)
                      ; - java.awt.EventQueue::dispatchEvent@22 (line 702)
  0x0000021787d5fb34: 68ce 89f8 

  0x0000021787d5fb38: ;   {post_call_nop}
  0x0000021787d5fb38: 0f1f 8400 | 3011 0008 | e9b4 f9ff | ff48 b860 | 2794 8f17 

  0x0000021787d5fb4c: ;   {virtual_call}
  0x0000021787d5fb4c: 0200 00e8 

  0x0000021787d5fb50: ; ImmutableOopMap {}
                      ;*invokeinterface dispatch {reexecute=0 rethrow=0 return_oop=0}
                      ; - java.awt.EventQueue::dispatchEventImpl@21 (line 723)
                      ; - java.awt.EventQueue::dispatchEvent@22 (line 702)
  0x0000021787d5fb50: 947d 90ff 

  0x0000021787d5fb54: ;   {post_call_nop}
  0x0000021787d5fb54: 0f1f 8400 | 4c11 0009 | e9c7 f9ff 

  0x0000021787d5fb60: ;   {oop(a 'jdk/internal/misc/Unsafe'{0x0000000081800f78})}
  0x0000021787d5fb60: ff48 ba78 | 0f80 8100 | 0000 0048 | 8b6c 2440 

  0x0000021787d5fb70: ;   {optimized virtual_call}
  0x0000021787d5fb70: 6666 90e8 

  0x0000021787d5fb74: ; ImmutableOopMap {rbp=Oop [64]=Oop }
                      ;*invokevirtual unpark {reexecute=0 rethrow=0 return_oop=0}
                      ; - java.util.concurrent.locks.LockSupport::unpark@27 (line 183)
                      ; - java.util.concurrent.locks.AbstractQueuedSynchronizer::signalNext@30 (line 646)
                      ; - java.util.concurrent.locks.AbstractQueuedSynchronizer::release@12 (line 1100)
                      ; - java.util.concurrent.locks.ReentrantLock::unlock@5 (line 495)
                      ; - java.awt.EventQueue::setCurrentEventAndMostRecentTimeImpl@168 (line 1236)
                      ; - java.awt.EventQueue::dispatchEventImpl@14 (line 722)
                      ; - java.awt.EventQueue::dispatchEvent@22 (line 702)
  0x0000021787d5fb74: 68f2 82ff 

  0x0000021787d5fb78: ;   {post_call_nop}
  0x0000021787d5fb78: 0f1f 8400 | 7011 000a | e9f0 f1ff | ff4c 8954 | 2428 4c89 | 6c24 2048 | 8b6c 2440 

  0x0000021787d5fb94: ;   {optimized virtual_call}
  0x0000021787d5fb94: 498b d2e8 

  0x0000021787d5fb98: ; ImmutableOopMap {rbp=Oop [40]=Oop [64]=Oop }
                      ;*invokevirtual invalidate {reexecute=0 rethrow=0 return_oop=0}
                      ; - java.awt.Window::dispatchEventImpl@10 (line 2668)
                      ; - java.awt.Component::dispatchEvent@2 (line 4790)
                      ; - java.awt.EventQueue::dispatchEventImpl@41 (line 725)
                      ; - java.awt.EventQueue::dispatchEvent@22 (line 702)
  0x0000021787d5fb98: 44f2 82ff 

  0x0000021787d5fb9c: ;   {post_call_nop}
  0x0000021787d5fb9c: 0f1f 8400 | 9411 000b | 488b 5424 

  0x0000021787d5fba8: ;   {optimized virtual_call}
  0x0000021787d5fba8: 2866 90e8 

  0x0000021787d5fbac: ; ImmutableOopMap {rbp=Oop [40]=Oop [64]=Oop }
                      ;*invokevirtual validate {reexecute=0 rethrow=0 return_oop=0}
                      ; - java.awt.Window::dispatchEventImpl@14 (line 2669)
                      ; - java.awt.Component::dispatchEvent@2 (line 4790)
                      ; - java.awt.EventQueue::dispatchEventImpl@41 (line 725)
                      ; - java.awt.EventQueue::dispatchEvent@22 (line 702)
  0x0000021787d5fbac: 30f2 82ff 

  0x0000021787d5fbb0: ;   {post_call_nop}
  0x0000021787d5fbb0: 0f1f 8400 | a811 000c | 4c8b 5424 | 28e9 4bfc | ffff 4c8b 

  0x0000021787d5fbc4: ;   {metadata('java/awt/event/MouseEvent')}
  0x0000021787d5fbc4: 4e58 48b9 | f05f 0e21 | 0000 0000 | 4c3b c90f | 85d5 0500 | 0041 b930 | 0002 004d | 8548 100f 
  0x0000021787d5fbe4: 8460 0600 | 0044 8944 | 2438 4c89 | 5424 304c | 896c 2428 | 48ff 7424 | 4048 8f44 | 2420 4c8b 
  0x0000021787d5fc04: 4424 2048 

  0x0000021787d5fc08: ;   {optimized virtual_call}
  0x0000021787d5fc08: 8bea 90e8 

  0x0000021787d5fc0c: ; ImmutableOopMap {rbp=Oop [32]=Oop [48]=Oop [56]=NarrowOop [64]=Oop }
                      ;*invokevirtual processMouseEvent {reexecute=0 rethrow=0 return_oop=0}
                      ; - java.awt.LightweightDispatcher::dispatchEvent@50 (line 4501)
                      ; - java.awt.Container::dispatchEventImpl@12 (line 2304)
                      ; - java.awt.Component::dispatchEvent@2 (line 4790)
                      ; - java.awt.EventQueue::dispatchEventImpl@41 (line 725)
                      ; - java.awt.EventQueue::dispatchEvent@22 (line 702)
  0x0000021787d5fc0c: d0f1 82ff 

  0x0000021787d5fc10: ;   {post_call_nop}
  0x0000021787d5fc10: 0f1f 8400 | 0812 000d | 4c8b 5424 | 2045 8b5a | 148b e84c | 8b6c 2428 | 4c8b 5424 | 3044 8b44 
  0x0000021787d5fc30: 2438 4181 | fbf7 0100 | 000f 84c6 | 0500 008b | c5e9 38fa | ffff 4d8b | 87c8 0100 | 004d 8bd0 
  0x0000021787d5fc50: 4983 c228 | 4d3b 97d8 | 0100 000f | 83ad 0a00 | 004d 8997 | c801 0000 | 410f 1882 | 0001 0000 
  0x0000021787d5fc70: 49c7 0001 

  0x0000021787d5fc74: ;   {metadata('java/util/IdentityHashMap')}
  0x0000021787d5fc74: 0000 0041 | c740 0840 | 6d25 0045 | 8960 0c4d | 8960 104d | 8960 184d | 8960 204d | 8b8f c801 
  0x0000021787d5fc94: 0000 4d8b | d149 81c2 | 1001 0000 | 4d3b 97d8 | 0100 000f | 83f3 0900 | 004d 8997 | c801 0000 
  0x0000021787d5fcb4: 498b f948 | 83c7 1049 | c701 0100 | 0000 410f | 1882 0001 

  0x0000021787d5fcc8: ;   {metadata('java/lang/Object'[])}
  0x0000021787d5fcc8: 0000 41c7 | 4108 b836 | 1800 410f | 1882 4001 | 0000 41c7 | 410c 4000 | 0000 410f | 1882 8001 
  0x0000021787d5fce8: 0000 b920 | 0000 00c5 | fd57 c0e9 | 0d00 0000 | c5fe 7f07 | c5fe 7f47 | 2048 83c7 | 4048 83e9 
  0x0000021787d5fd08: 087d ed48 | 83c1 047c | 0cc5 fe7f | 0748 83c7 | 2048 83e9 | 0448 83c1 | 047e 1048 | ffc9 c5f9 
  0x0000021787d5fd28: d607 4883 | c708 48ff | c97d f34d | 8d55 1c41 | 807f 4800 | 0f85 7716 | 0000 4d8b | d845 891a 
  0x0000021787d5fd48: 498b ca49 | 33c8 48c1 | e914 0f84 | 1d00 0000 | 498b ca48 | c1e9 0949 | bb00 d0ee | f617 0200 
  0x0000021787d5fd68: 0049 03cb | 8039 020f | 85bc 1600 | 004d 8d50 | 144d 8bd9 | 4589 1a49 | 8bca 4933 | c948 c1e9 
  0x0000021787d5fd88: 140f 841d | 0000 0049 | 8bca 48c1 | e909 49bb | 00d0 eef6 | 1702 0000 | 4903 cb80 | 3902 0f85 
  0x0000021787d5fda8: f516 0000 | 488d 4424 | 7041 8b87 | d806 0000 | 4d8b 164d | 3b74 07f8 | 0f85 2e00 | 0000 4183 
  0x0000021787d5fdc8: ;   {other}
  0x0000021787d5fdc8: afd8 0600 | 0008 4d3b | 7407 f00f | 845f 0000 | 0049 8bc2 | 4883 e0fc | 4983 ca01 | f04d 0fb1 
  0x0000021787d5fde8: 160f 853e | 1800 00e9 | 4400 0000 | 4983 ba86 | 0000 0000 | 7533 49c7 | 423e 0000 | 0000 f083 
  0x0000021787d5fe08: 4424 c000 | 4983 ba8e | 0000 0000 | 7422 4983 | ba9e 0000 | 0000 7518 | 4983 e2fd | 4d89 97e8 
  0x0000021787d5fe28: 0500 0041 | 83ca 01eb | 0a49 ff8a | 8600 0000 | 4533 d20f | 85fb 0a00 | 0048 895c | 2440 4c89 
  0x0000021787d5fe48: 7424 3844 | 896c 2430 | 4889 7424 | 2848 ff74 | 2450 488f | 4424 2048 

  0x0000021787d5fe60: ;   {optimized virtual_call}
  0x0000021787d5fe60: 8bd3 90e8 

  0x0000021787d5fe64: ; ImmutableOopMap {[32]=Oop [40]=Oop [48]=NarrowOop [56]=Oop [64]=Oop [80]=Oop }
                      ;*invokeinterface keySet {reexecute=0 rethrow=0 return_oop=1}
                      ; - javax.swing.RepaintManager::scheduleHeavyWeightPaints@46 (line 544)
                      ; - javax.swing.RepaintManager$ProcessingRunnable::run@23 (line 1837)
                      ; - java.awt.event.InvocationEvent::dispatch@47 (line 323)
                      ; - java.awt.EventQueue::dispatchEventImpl@21 (line 723)
                      ; - java.awt.EventQueue::dispatchEvent@22 (line 702)
  0x0000021787d5fe64: 78ef 82ff 

  0x0000021787d5fe68: ;   {post_call_nop}
  0x0000021787d5fe68: 0f1f 8400 | 6014 000e | 4c8b d844 

  0x0000021787d5fe74: ;   {metadata('java/util/IdentityHashMap$KeySet')}
  0x0000021787d5fe74: 8b50 0841 | 81fa 0053 | 3e00 0f85 | dd0a 0000 | 498b 87c8 | 0100 004c | 8bd0 4983 | c228 4d3b 
  0x0000021787d5fe94: 97d8 0100 | 000f 83ce | 0800 004d | 8997 c801 | 0000 410f | 1882 0001 | 0000 48c7 | 0001 0000 
  0x0000021787d5feb4: ;   {metadata('java/util/IdentityHashMap$KeyIterator')}
  0x0000021787d5feb4: 00c7 4008 | 8862 3e00 | 4489 600c | 4c89 6010 | 4c89 6018 | 4c89 6020 | 488b c845 | 8b53 0c41 
  0x0000021787d5fed4: 8b6a 1c4c | 8d41 2045 | 8910 85ed | 0f84 c20a | 0000 c741 | 14ff ffff | ff45 8b5a | 1445 8b42 
  0x0000021787d5fef4: 2044 8941 | 104c 8d51 | 1c45 891a | 458b cb4d | 8bc2 4d33 | c149 c1e8 | 140f 8428 | 0000 0049 
  0x0000021787d5ff14: 83f9 000f | 841e 0000 | 004d 8bc2 | 49c1 e809 | 49b9 00d0 | eef6 1702 | 0000 4d03 | c141 8038 
  0x0000021787d5ff34: 020f 85c2 | 1500 0048 | 894c 2448 

  0x0000021787d5ff40: ;   {optimized virtual_call}
  0x0000021787d5ff40: 488b d1e8 

  0x0000021787d5ff44: ; ImmutableOopMap {[32]=Oop [40]=Oop [48]=NarrowOop [56]=Oop [64]=Oop [72]=Oop [80]=Oop }
                      ;*invokeinterface hasNext {reexecute=0 rethrow=0 return_oop=0}
                      ; - javax.swing.RepaintManager::scheduleHeavyWeightPaints@58 (line 544)
                      ; - javax.swing.RepaintManager$ProcessingRunnable::run@23 (line 1837)
                      ; - java.awt.event.InvocationEvent::dispatch@47 (line 323)
                      ; - java.awt.EventQueue::dispatchEventImpl@21 (line 723)
                      ; - java.awt.EventQueue::dispatchEvent@22 (line 702)
  0x0000021787d5ff44: 98ee 82ff 

  0x0000021787d5ff48: ;   {post_call_nop}
  0x0000021787d5ff48: 0f1f 8400 | 4015 000f | 85c0 0f84 | a800 0000 | 0f1f 8400 | 0000 0000 | 488b 5424 | 4848 8b6c 
  0x0000021787d5ff68: ;   {optimized virtual_call}
  0x0000021787d5ff68: 2420 90e8 

  0x0000021787d5ff6c: ; ImmutableOopMap {rbp=Oop [32]=Oop [40]=Oop [48]=NarrowOop [56]=Oop [64]=Oop [72]=Oop }
                      ;*invokeinterface next {reexecute=0 rethrow=0 return_oop=1}
                      ; - javax.swing.RepaintManager::scheduleHeavyWeightPaints@67 (line 544)
                      ; - javax.swing.RepaintManager$ProcessingRunnable::run@23 (line 1837)
                      ; - java.awt.event.InvocationEvent::dispatch@47 (line 323)
                      ; - java.awt.EventQueue::dispatchEventImpl@21 (line 723)
                      ; - java.awt.EventQueue::dispatchEvent@22 (line 702)
  0x0000021787d5ff6c: 70ee 82ff 

  0x0000021787d5ff70: ;   {post_call_nop}
  0x0000021787d5ff70: 0f1f 8400 | 6815 0010 

  0x0000021787d5ff78: ; implicit exception: dispatches to 0x0000021787d60bb4
  0x0000021787d5ff78: 448b 5008 

  0x0000021787d5ff7c: ;   {metadata('javax/swing/JFrame')}
  0x0000021787d5ff7c: 4181 fac0 | ae07 010f | 8563 0a00 | 004c 8bd0 | 4c89 5424 | 5048 8b54 | 2440 4d8b 

  0x0000021787d5ff98: ;   {optimized virtual_call}
  0x0000021787d5ff98: c266 90e8 

  0x0000021787d5ff9c: ; ImmutableOopMap {rbp=Oop [32]=Oop [40]=Oop [48]=NarrowOop [56]=Oop [64]=Oop [72]=Oop [80]=Oop }
                      ;*invokeinterface get {reexecute=0 rethrow=0 return_oop=1}
                      ; - javax.swing.RepaintManager::scheduleHeavyWeightPaints@78 (line 545)
                      ; - javax.swing.RepaintManager$ProcessingRunnable::run@23 (line 1837)
                      ; - java.awt.event.InvocationEvent::dispatch@47 (line 323)
                      ; - java.awt.EventQueue::dispatchEventImpl@21 (line 723)
                      ; - java.awt.EventQueue::dispatchEvent@22 (line 702)
  0x0000021787d5ff9c: 40ee 82ff 

  0x0000021787d5ffa0: ;   {post_call_nop}
  0x0000021787d5ffa0: 0f1f 8400 | 9815 0011 | 4c8b d044 

  0x0000021787d5ffac: ;   {metadata('java/awt/Rectangle')}
  0x0000021787d5ffac: 8b40 0841 | 81f8 2850 | 0701 0f85 | 800a 0000 | 458b 4a0c | 418b 4a18 | 418b 7214 | 418b 7a10 
  0x0000021787d5ffcc: 488b 5424 | 384c 8b44 

  0x0000021787d5ffd4: ;   {optimized virtual_call}
  0x0000021787d5ffd4: 2450 90e8 

  0x0000021787d5ffd8: ; ImmutableOopMap {rbp=Oop [32]=Oop [40]=Oop [48]=NarrowOop [56]=Oop [64]=Oop [72]=Oop }
                      ;*invokevirtual addDirtyRegion {reexecute=0 rethrow=0 return_oop=0}
                      ; - javax.swing.RepaintManager::scheduleHeavyWeightPaints@120 (line 547)
                      ; - javax.swing.RepaintManager$ProcessingRunnable::run@23 (line 1837)
                      ; - java.awt.event.InvocationEvent::dispatch@47 (line 323)
                      ; - java.awt.EventQueue::dispatchEventImpl@21 (line 723)
                      ; - java.awt.EventQueue::dispatchEvent@22 (line 702)
  0x0000021787d5ffd8: 04ee 82ff 

  0x0000021787d5ffdc: ;   {post_call_nop}
  0x0000021787d5ffdc: 0f1f 8400 | d415 0012 | 488b 5424 

  0x0000021787d5ffe8: ;   {optimized virtual_call}
  0x0000021787d5ffe8: 4866 90e8 

  0x0000021787d5ffec: ; ImmutableOopMap {rbp=Oop [32]=Oop [40]=Oop [48]=NarrowOop [56]=Oop [64]=Oop [72]=Oop }
                      ;*invokeinterface hasNext {reexecute=0 rethrow=0 return_oop=0}
                      ; - javax.swing.RepaintManager::scheduleHeavyWeightPaints@58 (line 544)
                      ; - javax.swing.RepaintManager$ProcessingRunnable::run@23 (line 1837)
                      ; - java.awt.event.InvocationEvent::dispatch@47 (line 323)
                      ; - java.awt.EventQueue::dispatchEventImpl@21 (line 723)
                      ; - java.awt.EventQueue::dispatchEvent@22 (line 702)
  0x0000021787d5ffec: f0ed 82ff 

  0x0000021787d5fff0: ;   {post_call_nop}
  0x0000021787d5fff0: 0f1f 8400 | e815 0013 | 85c0 0f85 | 60ff ffff | 48ff 7424 | 2048 8f44 | 2450 4c8b | 5424 2849 
  0x0000021787d60010: 8bf2 e9ee | efff ff45 

  0x0000021787d60018: ;   {metadata('java/util/LinkedList')}
  0x0000021787d60018: 8b5d 0841 | 81fb 00ca | 0601 0f85 | 6409 0000 | 4889 7424 | 2089 7c24 | 284d 8bd5 | 4c89 5424 
  0x0000021787d60038: 3049 8bd2 

  0x0000021787d6003c: ;   {optimized virtual_call}
  0x0000021787d6003c: 4533 c0e8 

  0x0000021787d60040: ; ImmutableOopMap {rbp=NarrowOop [32]=Oop [40]=NarrowOop [48]=Oop [80]=Oop }
                      ;*invokevirtual checkPositionIndex {reexecute=0 rethrow=0 return_oop=0}
                      ; - java.util.LinkedList::listIterator@2 (line 879)
                      ; - java.util.AbstractList::listIterator@2 (line 313)
                      ; - java.util.AbstractSequentialList::iterator@1 (line 240)
                      ; - javax.swing.RepaintManager::prePaintDirtyRegions@36 (line 734)
                      ; - javax.swing.RepaintManager$ProcessingRunnable::run@37 (line 1840)
                      ; - java.awt.event.InvocationEvent::dispatch@47 (line 323)
                      ; - java.awt.EventQueue::dispatchEventImpl@21 (line 723)
                      ; - java.awt.EventQueue::dispatchEvent@22 (line 702)
  0x0000021787d60040: 9ced 82ff 

  0x0000021787d60044: ;   {post_call_nop}
  0x0000021787d60044: 0f1f 8400 | 3c16 0014 | 498b 87c8 | 0100 004c | 8bd0 4983 | c220 4d3b | 97d8 0100 | 000f 83cd 
  0x0000021787d60064: 0700 004d | 8997 c801 | 0000 410f | 1882 0001 | 0000 48c7 | 0001 0000 

  0x0000021787d6007c: ;   {metadata('java/util/LinkedList$ListItr')}
  0x0000021787d6007c: 00c7 4008 | 3844 0f01 | 4489 600c | 4c89 6010 | 4c89 6018 | 4c8b c848 | 8b4c 2430 | 448b 5110 
  0x0000021787d6009c: 448b 410c | 4589 4110 | 4c8b d945 | 8959 1c45 | 85d2 0f84 | 9c01 0000 | 4c89 4c24 | 304c 8bd1 
  0x0000021787d600bc: 498b d245 

  0x0000021787d600c0: ;   {optimized virtual_call}
  0x0000021787d600c0: 33c0 90e8 

  0x0000021787d600c4: ; ImmutableOopMap {rbp=NarrowOop [32]=Oop [40]=NarrowOop [48]=Oop [80]=Oop }
                      ;*invokevirtual node {reexecute=0 rethrow=0 return_oop=1}
                      ; - java.util.LinkedList$ListItr::<init>@40 (line 891)
                      ; - java.util.LinkedList::listIterator@11 (line 880)
                      ; - java.util.AbstractList::listIterator@2 (line 313)
                      ; - java.util.AbstractSequentialList::iterator@1 (line 240)
                      ; - javax.swing.RepaintManager::prePaintDirtyRegions@36 (line 734)
                      ; - javax.swing.RepaintManager$ProcessingRunnable::run@37 (line 1840)
                      ; - java.awt.event.InvocationEvent::dispatch@47 (line 323)
                      ; - java.awt.EventQueue::dispatchEventImpl@21 (line 723)
                      ; - java.awt.EventQueue::dispatchEvent@22 (line 702)
  0x0000021787d600c4: 18ed 82ff 

  0x0000021787d600c8: ;   {post_call_nop}
  0x0000021787d600c8: 0f1f 8400 | c016 0015 | 488b c84c | 8b4c 2430 | 4589 610c | 4d8d 5918 | 4180 7f48 | 000f 8573 
  0x0000021787d600e8: 1400 0041 | 890b 448b | c14d 8bd3 | 4d33 d049 | c1ea 140f | 8428 0000 | 0049 83f8 | 000f 841e 
  0x0000021787d60108: 0000 004d | 8bd3 49c1 | ea09 49b8 | 00d0 eef6 | 1702 0000 | 4d03 d041 | 803a 020f | 85a3 1400 
  0x0000021787d60128: 004c 894c | 2430 498b 

  0x0000021787d60130: ;   {optimized virtual_call}
  0x0000021787d60130: d166 90e8 

  0x0000021787d60134: ; ImmutableOopMap {rbp=NarrowOop [32]=Oop [40]=NarrowOop [48]=Oop [80]=Oop }
                      ;*invokeinterface hasNext {reexecute=0 rethrow=0 return_oop=0}
                      ; - javax.swing.RepaintManager::prePaintDirtyRegions@43 (line 734)
                      ; - javax.swing.RepaintManager$ProcessingRunnable::run@37 (line 1840)
                      ; - java.awt.event.InvocationEvent::dispatch@47 (line 323)
                      ; - java.awt.EventQueue::dispatchEventImpl@21 (line 723)
                      ; - java.awt.EventQueue::dispatchEvent@22 (line 702)
  0x0000021787d60134: a8ec 82ff 

  0x0000021787d60138: ;   {post_call_nop}
  0x0000021787d60138: 0f1f 8400 | 3017 0016 | 85c0 0f84 | 1001 0000 | 0f1f 8400 | 0000 0000 | 488b 5424 

  0x0000021787d60154: ;   {optimized virtual_call}
  0x0000021787d60154: 3066 90e8 

  0x0000021787d60158: ; ImmutableOopMap {rbp=NarrowOop [32]=Oop [40]=NarrowOop [48]=Oop [80]=Oop }
                      ;*invokeinterface next {reexecute=0 rethrow=0 return_oop=1}
                      ; - javax.swing.RepaintManager::prePaintDirtyRegions@52 (line 734)
                      ; - javax.swing.RepaintManager$ProcessingRunnable::run@37 (line 1840)
                      ; - java.awt.event.InvocationEvent::dispatch@47 (line 323)
                      ; - java.awt.EventQueue::dispatchEventImpl@21 (line 723)
                      ; - java.awt.EventQueue::dispatchEvent@22 (line 702)
  0x0000021787d60158: 84ec 82ff 

  0x0000021787d6015c: ;   {post_call_nop}
  0x0000021787d6015c: 0f1f 8400 | 5417 0017 

  0x0000021787d60164: ; implicit exception: dispatches to 0x0000021787d60c0c
  0x0000021787d60164: 448b 5808 

  0x0000021787d60168: ;   {metadata('sun/awt/windows/WComponentPeer$2')}
  0x0000021787d60168: 4181 fbf0 | e80b 010f | 85af 0800 | 0048 8bd0 

  0x0000021787d60178: ;   {optimized virtual_call}
  0x0000021787d60178: 6666 90e8 

  0x0000021787d6017c: ; ImmutableOopMap {rbp=NarrowOop [32]=Oop [40]=NarrowOop [48]=Oop [80]=Oop }
                      ;*invokeinterface run {reexecute=0 rethrow=0 return_oop=0}
                      ; - javax.swing.RepaintManager::prePaintDirtyRegions@64 (line 735)
                      ; - javax.swing.RepaintManager$ProcessingRunnable::run@37 (line 1840)
                      ; - java.awt.event.InvocationEvent::dispatch@47 (line 323)
                      ; - java.awt.EventQueue::dispatchEventImpl@21 (line 723)
                      ; - java.awt.EventQueue::dispatchEvent@22 (line 702)
  0x0000021787d6017c: 60ec 82ff 

  0x0000021787d60180: ;   {post_call_nop}
  0x0000021787d60180: 0f1f 8400 | 7817 0018 | 488b 5424 

  0x0000021787d6018c: ;   {optimized virtual_call}
  0x0000021787d6018c: 3066 90e8 

  0x0000021787d60190: ; ImmutableOopMap {rbp=NarrowOop [32]=Oop [40]=NarrowOop [48]=Oop [80]=Oop }
                      ;*invokeinterface hasNext {reexecute=0 rethrow=0 return_oop=0}
                      ; - javax.swing.RepaintManager::prePaintDirtyRegions@43 (line 734)
                      ; - javax.swing.RepaintManager$ProcessingRunnable::run@37 (line 1840)
                      ; - java.awt.event.InvocationEvent::dispatch@47 (line 323)
                      ; - java.awt.EventQueue::dispatchEventImpl@21 (line 723)
                      ; - java.awt.EventQueue::dispatchEvent@22 (line 702)
  0x0000021787d60190: 4cec 82ff 

  0x0000021787d60194: ;   {post_call_nop}
  0x0000021787d60194: 0f1f 8400 | 8c17 0019 | 85c0 75b0 | 8b7c 2428 | 488b 7424 | 20e9 bbf0 | ffff 33ed | e97d faff 
  0x0000021787d601b4: ff48 894c | 2450 4c89 | 6c24 3848 | 8974 2430 | 4c89 4424 | 2848 ff74 | 2440 488f 

  0x0000021787d601d0: ;   {metadata('java/lang/ref/WeakReference')}
  0x0000021787d601d0: 4424 2048 | ba68 741b | 2000 0000 

  0x0000021787d601dc: ;   {runtime_call C2 Runtime new_instance}
  0x0000021787d601dc: 0066 90e8 

  0x0000021787d601e0: ; ImmutableOopMap {[32]=Oop [40]=Oop [64]=Oop [80]=Oop }
                      ;*new {reexecute=0 rethrow=0 return_oop=1}
                      ; - java.awt.EventQueue::setCurrentEventAndMostRecentTimeImpl@36 (line 1207)
                      ; - java.awt.EventQueue::dispatchEventImpl@14 (line 722)
                      ; - java.awt.EventQueue::dispatchEvent@22 (line 702)
  0x0000021787d601e0: 7c30 90ff 

  0x0000021787d601e4: ;   {post_call_nop}
  0x0000021787d601e4: 0f1f 8400 | dc17 001a | 4c8b 4424 | 2848 8b74 | 2430 4c8b | 6c24 3848 | 8b4c 2450 | e964 eaff 
  0x0000021787d60204: ff45 8b58 | 1845 85db | 0f84 be07 | 0000 4c89 | 5424 304c | 896c 2428 | 48ff 7424 | 4048 8f44 
  0x0000021787d60224: 2420 498b 

  0x0000021787d60228: ;   {optimized virtual_call}
  0x0000021787d60228: d366 90e8 

  0x0000021787d6022c: ; ImmutableOopMap {[32]=Oop [48]=Oop [64]=Oop }
                      ;*invokevirtual updateCursorImmediately {reexecute=0 rethrow=0 return_oop=0}
                      ; - java.awt.LightweightDispatcher::dispatchEvent@68 (line 4505)
                      ; - java.awt.Container::dispatchEventImpl@12 (line 2304)
                      ; - java.awt.Component::dispatchEvent@2 (line 4790)
                      ; - java.awt.EventQueue::dispatchEventImpl@41 (line 725)
                      ; - java.awt.EventQueue::dispatchEvent@22 (line 702)
  0x0000021787d6022c: b0eb 82ff 

  0x0000021787d60230: ;   {post_call_nop}
  0x0000021787d60230: 0f1f 8400 | 2818 001b | 8bc5 4c8b | 6c24 284c | 8b54 2430 | e935 f4ff | ff33 ede9 | e2f9 ffff 
  0x0000021787d60250: 4833 c9e9 | 80fe ffff | 8b7c 2428 | 488b 7424 | 20e9 03f0 | ffff baec | ffff ff49 | 8be8 4489 
  0x0000021787d60270: 5424 2844 | 895c 242c 

  0x0000021787d60278: ;   {runtime_call UncommonTrapBlob}
  0x0000021787d60278: 6666 90e8 

  0x0000021787d6027c: ; ImmutableOopMap {rbp=Oop [40]=NarrowOop [44]=NarrowOop [64]=Oop }
                      ;*ifnull {reexecute=1 rethrow=0 return_oop=0}
                      ; - (reexecute) java.awt.EventQueue::dispatchEvent@9 (line 701)
  0x0000021787d6027c: e0a9 8fff 

  0x0000021787d60280: ;   {post_call_nop}
  0x0000021787d60280: 0f1f 8400 | 7818 001c | baf6 ffff | ff48 8b6c | 2440 4c89 

  0x0000021787d60294: ;   {runtime_call UncommonTrapBlob}
  0x0000021787d60294: 4424 20e8 

  0x0000021787d60298: ; ImmutableOopMap {rbp=Oop [32]=Oop }
                      ;*invokevirtual lock {reexecute=0 rethrow=0 return_oop=0}
                      ; - java.util.concurrent.locks.ReentrantLock::lock@4 (line 323)
                      ; - java.awt.EventQueue::setCurrentEventAndMostRecentTimeImpl@4 (line 1201)
                      ; - java.awt.EventQueue::dispatchEventImpl@14 (line 722)
                      ; - java.awt.EventQueue::dispatchEvent@22 (line 702)
  0x0000021787d60298: c4a9 8fff 

  0x0000021787d6029c: ;   {post_call_nop}
  0x0000021787d6029c: 0f1f 8400 | 9418 001d | bade ffff | ff48 8b6c | 2440 4c89 | 4424 2044 | 895c 2430 

  0x0000021787d602b8: ;   {runtime_call UncommonTrapBlob}
  0x0000021787d602b8: 6666 90e8 

  0x0000021787d602bc: ; ImmutableOopMap {rbp=Oop [32]=Oop [48]=NarrowOop }
                      ;*invokeinterface lock {reexecute=0 rethrow=0 return_oop=0}
                      ; - java.awt.EventQueue::setCurrentEventAndMostRecentTimeImpl@4 (line 1201)
                      ; - java.awt.EventQueue::dispatchEventImpl@14 (line 722)
                      ; - java.awt.EventQueue::dispatchEvent@22 (line 702)
  0x0000021787d602bc: a0a9 8fff 

  0x0000021787d602c0: ;   {post_call_nop}
  0x0000021787d602c0: 0f1f 8400 | b818 001e | bade ffff | ff48 8b6c | 2440 4489 

  0x0000021787d602d4: ;   {runtime_call UncommonTrapBlob}
  0x0000021787d602d4: 5424 20e8 

  0x0000021787d602d8: ; ImmutableOopMap {rbp=Oop [32]=NarrowOop }
                      ;*invokeinterface unlock {reexecute=0 rethrow=0 return_oop=0}
                      ; - java.awt.EventQueue::setCurrentEventAndMostRecentTimeImpl@168 (line 1236)
                      ; - java.awt.EventQueue::dispatchEventImpl@14 (line 722)
                      ; - java.awt.EventQueue::dispatchEvent@22 (line 702)
  0x0000021787d602d8: 84a9 8fff 

  0x0000021787d602dc: ;   {post_call_nop}
  0x0000021787d602dc: 0f1f 8400 | d418 001f | baf6 ffff | ff48 8b6c | 2450 4889 

  0x0000021787d602f0: ;   {runtime_call UncommonTrapBlob}
  0x0000021787d602f0: 7424 20e8 

  0x0000021787d602f4: ; ImmutableOopMap {rbp=Oop [32]=Oop }
                      ;*invokevirtual scheduleHeavyWeightPaints {reexecute=0 rethrow=0 return_oop=0}
                      ; - javax.swing.RepaintManager$ProcessingRunnable::run@23 (line 1837)
                      ; - java.awt.event.InvocationEvent::dispatch@47 (line 323)
                      ; - java.awt.EventQueue::dispatchEventImpl@21 (line 723)
                      ; - java.awt.EventQueue::dispatchEvent@22 (line 702)
  0x0000021787d602f4: 68a9 8fff 

  0x0000021787d602f8: ;   {post_call_nop}
  0x0000021787d602f8: 0f1f 8400 | f018 0020 | baf6 ffff | ff48 8974 

  0x0000021787d60308: ;   {runtime_call UncommonTrapBlob}
  0x0000021787d60308: 2420 90e8 

  0x0000021787d6030c: ; ImmutableOopMap {[32]=Oop [80]=Oop }
                      ;*invokevirtual validateInvalidComponents {reexecute=0 rethrow=0 return_oop=0}
                      ; - javax.swing.RepaintManager$ProcessingRunnable::run@30 (line 1839)
                      ; - java.awt.event.InvocationEvent::dispatch@47 (line 323)
                      ; - java.awt.EventQueue::dispatchEventImpl@21 (line 723)
                      ; - java.awt.EventQueue::dispatchEvent@22 (line 702)
  0x0000021787d6030c: 50a9 8fff 

  0x0000021787d60310: ;   {post_call_nop}
  0x0000021787d60310: 0f1f 8400 | 0819 0021 | baf6 ffff 

  0x0000021787d6031c: ;   {runtime_call UncommonTrapBlob}
  0x0000021787d6031c: ff66 90e8 

  0x0000021787d60320: ; ImmutableOopMap {[80]=Oop }
                      ;*invokevirtual prePaintDirtyRegions {reexecute=0 rethrow=0 return_oop=0}
                      ; - javax.swing.RepaintManager$ProcessingRunnable::run@37 (line 1840)
                      ; - java.awt.event.InvocationEvent::dispatch@47 (line 323)
                      ; - java.awt.EventQueue::dispatchEventImpl@21 (line 723)
                      ; - java.awt.EventQueue::dispatchEvent@22 (line 702)
  0x0000021787d60320: 3ca9 8fff 

  0x0000021787d60324: ;   {post_call_nop}
  0x0000021787d60324: 0f1f 8400 | 1c19 0022 | 4889 7424 | 2048 8bea | 488b d64c | 8d44 2470 

  0x0000021787d6033c: ;   {runtime_call C2 Runtime complete_monitor_locking}
  0x0000021787d6033c: 6666 90e8 

  0x0000021787d60340: ; ImmutableOopMap {rbp=Oop [32]=Oop [80]=Oop }
                      ;*monitorenter {reexecute=0 rethrow=0 return_oop=0}
                      ; - javax.swing.RepaintManager$ProcessingRunnable::run@3 (line 1827)
                      ; - java.awt.event.InvocationEvent::dispatch@47 (line 323)
                      ; - java.awt.EventQueue::dispatchEventImpl@21 (line 723)
                      ; - java.awt.EventQueue::dispatchEvent@22 (line 702)
  0x0000021787d60340: 1c8a 90ff 

  0x0000021787d60344: ;   {post_call_nop}
  0x0000021787d60344: 0f1f 8400 | 3c19 0023 | 4c8b 5424 | 2049 8bf2 | e9d3 eaff | ff48 8bce | 488d 5424 | 704d 8bc7 
  0x0000021787d60364: ;   {runtime_call}
  0x0000021787d60364: 49ba 5080 | e884 fa7f | 0000 41ff 

  0x0000021787d60370: ;   {post_call_nop}
  0x0000021787d60370: d20f 1f84 | 0000 0000 | 00e9 47eb | ffff 4c89 | 7424 3044 | 896c 2428 | 4889 7424 | 2048 8b6c 
  0x0000021787d60390: 2450 498b | d64c 8d44 

  0x0000021787d60398: ;   {runtime_call C2 Runtime complete_monitor_locking}
  0x0000021787d60398: 2470 90e8 

  0x0000021787d6039c: ; ImmutableOopMap {rbp=Oop [32]=Oop [40]=NarrowOop [48]=Oop [80]=Oop }
                      ;*monitorenter {reexecute=0 rethrow=0 return_oop=0}
                      ; - javax.swing.RepaintManager::scheduleHeavyWeightPaints@3 (line 537)
                      ; - javax.swing.RepaintManager$ProcessingRunnable::run@23 (line 1837)
                      ; - java.awt.event.InvocationEvent::dispatch@47 (line 323)
                      ; - java.awt.EventQueue::dispatchEventImpl@21 (line 723)
                      ; - java.awt.EventQueue::dispatchEvent@22 (line 702)
  0x0000021787d6039c: c089 90ff 

  0x0000021787d603a0: ;   {post_call_nop}
  0x0000021787d603a0: 0f1f 8400 | 9819 0024 | 4c8b 5424 | 2044 8b6c | 2428 4c8b | 7424 3049 | 8bf2 e98c | ebff ffba 
  0x0000021787d603c0: deff ffff | 4889 7424 | 2844 896c | 2434 4489 

  0x0000021787d603d0: ;   {runtime_call UncommonTrapBlob}
  0x0000021787d603d0: 6c24 38e8 

  0x0000021787d603d4: ; ImmutableOopMap {rbp=NarrowOop [40]=Oop [52]=NarrowOop [56]=NarrowOop [80]=Oop }
                      ;*invokeinterface size {reexecute=0 rethrow=0 return_oop=0}
                      ; - javax.swing.RepaintManager::scheduleHeavyWeightPaints@8 (line 538)
                      ; - javax.swing.RepaintManager$ProcessingRunnable::run@23 (line 1837)
                      ; - java.awt.event.InvocationEvent::dispatch@47 (line 323)
                      ; - java.awt.EventQueue::dispatchEventImpl@21 (line 723)
                      ; - java.awt.EventQueue::dispatchEvent@22 (line 702)
  0x0000021787d603d4: 88a8 8fff 

  0x0000021787d603d8: ;   {post_call_nop}
  0x0000021787d603d8: 0f1f 8400 | d019 0025 | 4c89 4424 | 3048 8974 | 2428 498b | d04c 8d44 

  0x0000021787d603f0: ;   {runtime_call C2 Runtime complete_monitor_locking}
  0x0000021787d603f0: 2470 90e8 

  0x0000021787d603f4: ; ImmutableOopMap {rbp=NarrowOop [40]=Oop [48]=Oop [80]=Oop }
                      ;*monitorenter {reexecute=0 rethrow=0 return_oop=0}
                      ; - javax.swing.RepaintManager::validateInvalidComponents@3 (line 704)
                      ; - javax.swing.RepaintManager$ProcessingRunnable::run@30 (line 1839)
                      ; - java.awt.event.InvocationEvent::dispatch@47 (line 323)
                      ; - java.awt.EventQueue::dispatchEventImpl@21 (line 723)
                      ; - java.awt.EventQueue::dispatchEvent@22 (line 702)
  0x0000021787d603f4: 6889 90ff 

  0x0000021787d603f8: ;   {post_call_nop}
  0x0000021787d603f8: 0f1f 8400 | f019 0026 | 4c8b 5424 | 284c 8b44 | 2430 498b | f2e9 77ec | ffff 498b | c848 8d54 
  0x0000021787d60418: 2470 4d8b 

  0x0000021787d6041c: ;   {runtime_call}
  0x0000021787d6041c: c749 ba50 | 80e8 84fa | 7f00 0041 

  0x0000021787d60428: ;   {post_call_nop}
  0x0000021787d60428: ffd2 0f1f | 8400 0000 | 0000 e9f4 | ecff ff48 | 8974 2428 | 897c 2420 | 488b d64c | 8d44 2470 
  0x0000021787d60448: ;   {runtime_call C2 Runtime complete_monitor_locking}
  0x0000021787d60448: 6666 90e8 

  0x0000021787d6044c: ; ImmutableOopMap {[32]=NarrowOop [40]=Oop [80]=Oop }
                      ;*monitorenter {reexecute=0 rethrow=0 return_oop=0}
                      ; - javax.swing.RepaintManager::prePaintDirtyRegions@3 (line 728)
                      ; - javax.swing.RepaintManager$ProcessingRunnable::run@37 (line 1840)
                      ; - java.awt.event.InvocationEvent::dispatch@47 (line 323)
                      ; - java.awt.EventQueue::dispatchEventImpl@21 (line 723)
                      ; - java.awt.EventQueue::dispatchEvent@22 (line 702)
  0x0000021787d6044c: 1089 90ff 

  0x0000021787d60450: ;   {post_call_nop}
  0x0000021787d60450: 0f1f 8400 | 481a 0027 | 8b7c 2420 | 488b 7424 | 28e9 49ed | ffff 488b | ce48 8d54 | 2470 4d8b 
  0x0000021787d60470: ;   {runtime_call}
  0x0000021787d60470: c749 ba50 | 80e8 84fa | 7f00 0041 

  0x0000021787d6047c: ;   {post_call_nop}
  0x0000021787d6047c: ffd2 0f1f | 8400 0000 | 0000 e9d5 | edff ff48 | 8974 2430 | 897c 2428 | 488b d64c | 8d44 2470 
  0x0000021787d6049c: ;   {runtime_call C2 Runtime complete_monitor_locking}
  0x0000021787d6049c: 6666 90e8 

  0x0000021787d604a0: ; ImmutableOopMap {rbp=NarrowOop [40]=NarrowOop [48]=Oop [80]=Oop }
                      ;*monitorenter {reexecute=0 rethrow=0 return_oop=0}
                      ; - javax.swing.RepaintManager::paintDirtyRegions@3 (line 782)
                      ; - javax.swing.RepaintManager::prePaintDirtyRegions@73 (line 738)
                      ; - javax.swing.RepaintManager$ProcessingRunnable::run@37 (line 1840)
                      ; - java.awt.event.InvocationEvent::dispatch@47 (line 323)
                      ; - java.awt.EventQueue::dispatchEventImpl@21 (line 723)
                      ; - java.awt.EventQueue::dispatchEvent@22 (line 702)
  0x0000021787d604a0: bc88 90ff 

  0x0000021787d604a4: ;   {post_call_nop}
  0x0000021787d604a4: 0f1f 8400 | 9c1a 0028 | 8b7c 2428 | 488b 7424 | 30e9 25ee | ffff bade | ffff ff89 | 7c24 2c89 
  0x0000021787d604c4: 7c24 3044 | 8954 2434 

  0x0000021787d604cc: ;   {runtime_call UncommonTrapBlob}
  0x0000021787d604cc: 6666 90e8 

  0x0000021787d604d0: ; ImmutableOopMap {rbp=NarrowOop [44]=NarrowOop [48]=NarrowOop [52]=NarrowOop [80]=Oop }
                      ;*invokeinterface clear {reexecute=0 rethrow=0 return_oop=0}
                      ; - javax.swing.RepaintManager::paintDirtyRegions@26 (line 786)
                      ; - javax.swing.RepaintManager::prePaintDirtyRegions@73 (line 738)
                      ; - javax.swing.RepaintManager$ProcessingRunnable::run@37 (line 1840)
                      ; - java.awt.event.InvocationEvent::dispatch@47 (line 323)
                      ; - java.awt.EventQueue::dispatchEventImpl@21 (line 723)
                      ; - java.awt.EventQueue::dispatchEvent@22 (line 702)
  0x0000021787d604d0: 8ca7 8fff 

  0x0000021787d604d4: ;   {post_call_nop}
  0x0000021787d604d4: 0f1f 8400 | cc1a 0029 | 488b ce48 | 8d54 2470 

  0x0000021787d604e4: ;   {runtime_call}
  0x0000021787d604e4: 4d8b c749 | ba50 80e8 | 84fa 7f00 | 0041 ffd2 

  0x0000021787d604f4: ;   {post_call_nop}
  0x0000021787d604f4: 0f1f 8400 | 0000 0000 | e9b9 efff | ffba deff 

  0x0000021787d60504: ;   {runtime_call UncommonTrapBlob}
  0x0000021787d60504: ffff 90e8 

  0x0000021787d60508: ; ImmutableOopMap {rbp=NarrowOop [40]=NarrowOop [80]=Oop }
                      ;*invokeinterface size {reexecute=0 rethrow=0 return_oop=0}
                      ; - javax.swing.RepaintManager::prePaintDirtyRegions@77 (line 739)
                      ; - javax.swing.RepaintManager$ProcessingRunnable::run@37 (line 1840)
                      ; - java.awt.event.InvocationEvent::dispatch@47 (line 323)
                      ; - java.awt.EventQueue::dispatchEventImpl@21 (line 723)
                      ; - java.awt.EventQueue::dispatchEvent@22 (line 702)
  0x0000021787d60508: 54a7 8fff 

  0x0000021787d6050c: ;   {post_call_nop}
  0x0000021787d6050c: 0f1f 8400 | 041b 002a | 498b ce48 | 8d54 2470 

  0x0000021787d6051c: ;   {runtime_call}
  0x0000021787d6051c: 4d8b c749 | ba50 80e8 | 84fa 7f00 | 0041 ffd2 

  0x0000021787d6052c: ;   {post_call_nop}
  0x0000021787d6052c: 0f1f 8400 | 0000 0000 | e9cc eaff | ffba 6eff | ffff 897c | 242c 897c | 2430 4c89 | 4c24 3844 
  0x0000021787d6054c: 8944 2440 | 4489 5c24 

  0x0000021787d60554: ;   {runtime_call UncommonTrapBlob}
  0x0000021787d60554: 4466 90e8 

  0x0000021787d60558: ; ImmutableOopMap {rbp=NarrowOop [44]=NarrowOop [48]=NarrowOop [56]=Oop [64]=NarrowOop [80]=Oop }
                      ;*if_icmpge {reexecute=1 rethrow=0 return_oop=0}
                      ; - (reexecute) java.util.IdentityHashMap::clear@20 (line 637)
                      ; - javax.swing.RepaintManager::paintDirtyRegions@26 (line 786)
                      ; - javax.swing.RepaintManager::prePaintDirtyRegions@73 (line 738)
                      ; - javax.swing.RepaintManager$ProcessingRunnable::run@37 (line 1840)
                      ; - java.awt.event.InvocationEvent::dispatch@47 (line 323)
                      ; - java.awt.EventQueue::dispatchEventImpl@21 (line 723)
                      ; - java.awt.EventQueue::dispatchEvent@22 (line 702)
  0x0000021787d60558: 04a7 8fff 

  0x0000021787d6055c: ;   {post_call_nop}
  0x0000021787d6055c: 0f1f 8400 | 541b 002b | ba45 ffff | ff48 8b6c | 2440 4c89 | 4424 2044 | 895c 2430 

  0x0000021787d60578: ;   {runtime_call UncommonTrapBlob}
  0x0000021787d60578: 6666 90e8 

  0x0000021787d6057c: ; ImmutableOopMap {rbp=Oop [32]=Oop }
                      ;*ifne {reexecute=1 rethrow=0 return_oop=0}
                      ; - (reexecute) java.awt.EventQueue::setCurrentEventAndMostRecentTimeImpl@12 (line 1203)
                      ; - java.awt.EventQueue::dispatchEventImpl@14 (line 722)
                      ; - java.awt.EventQueue::dispatchEvent@22 (line 702)
  0x0000021787d6057c: e0a6 8fff 

  0x0000021787d60580: ;   {post_call_nop}
  0x0000021787d60580: 0f1f 8400 | 781b 002c | ba45 ffff | ff48 8974 | 2428 4489 

  0x0000021787d60594: ;   {runtime_call UncommonTrapBlob}
  0x0000021787d60594: 5c24 34e8 

  0x0000021787d60598: ; ImmutableOopMap {rbp=NarrowOop [40]=Oop [52]=NarrowOop [80]=Oop }
                      ;*ifnonnull {reexecute=1 rethrow=0 return_oop=0}
                      ; - (reexecute) javax.swing.RepaintManager::validateInvalidComponents@8 (line 705)
                      ; - javax.swing.RepaintManager$ProcessingRunnable::run@30 (line 1839)
                      ; - java.awt.event.InvocationEvent::dispatch@47 (line 323)
                      ; - java.awt.EventQueue::dispatchEventImpl@21 (line 723)
                      ; - java.awt.EventQueue::dispatchEvent@22 (line 702)
  0x0000021787d60598: c4a6 8fff 

  0x0000021787d6059c: ;   {post_call_nop}
  0x0000021787d6059c: 0f1f 8400 | 941b 002d | ba45 ffff | ff48 8b6c | 2440 4c89 | 4424 2048 | 894c 2428 | 4489 5c24 
  0x0000021787d605bc: ;   {runtime_call UncommonTrapBlob}
  0x0000021787d605bc: 3066 90e8 

  0x0000021787d605c0: ; ImmutableOopMap {rbp=Oop [32]=Oop [40]=Oop [48]=NarrowOop }
                      ;*if_acmpeq {reexecute=1 rethrow=0 return_oop=0}
                      ; - (reexecute) java.awt.EventQueue::setCurrentEventAndMostRecentTimeImpl@22 (line 1203)
                      ; - java.awt.EventQueue::dispatchEventImpl@14 (line 722)
                      ; - java.awt.EventQueue::dispatchEvent@22 (line 702)
  0x0000021787d605c0: 9ca6 8fff 

  0x0000021787d605c4: ;   {post_call_nop}
  0x0000021787d605c4: 0f1f 8400 | bc1b 002e | ba45 ffff | ff48 8b6c | 2440 4489 | 4c24 2044 | 895c 2424 | 4889 4c24 
  0x0000021787d605e4: ;   {runtime_call UncommonTrapBlob}
  0x0000021787d605e4: 2866 90e8 

  0x0000021787d605e8: ; ImmutableOopMap {rbp=Oop [32]=NarrowOop [36]=NarrowOop [40]=Oop }
                      ;*if_acmpeq {reexecute=1 rethrow=0 return_oop=0}
                      ; - (reexecute) java.util.concurrent.locks.ReentrantLock$Sync::tryRelease@14 (line 175)
                      ; - java.util.concurrent.locks.AbstractQueuedSynchronizer::release@2 (line 1099)
                      ; - java.util.concurrent.locks.ReentrantLock::unlock@5 (line 495)
                      ; - java.awt.EventQueue::setCurrentEventAndMostRecentTimeImpl@168 (line 1236)
                      ; - java.awt.EventQueue::dispatchEventImpl@14 (line 722)
                      ; - java.awt.EventQueue::dispatchEvent@22 (line 702)
  0x0000021787d605e8: 74a6 8fff 

  0x0000021787d605ec: ;   {post_call_nop}
  0x0000021787d605ec: 0f1f 8400 | e41b 002f | ba45 ffff | ff48 8b6c | 2450 4489 

  0x0000021787d60600: ;   {runtime_call UncommonTrapBlob}
  0x0000021787d60600: 5c24 20e8 

  0x0000021787d60604: ; ImmutableOopMap {rbp=Oop }
                      ;*ifeq {reexecute=1 rethrow=0 return_oop=0}
                      ; - (reexecute) java.awt.event.InvocationEvent::dispatch@4 (line 311)
                      ; - java.awt.EventQueue::dispatchEventImpl@21 (line 723)
                      ; - java.awt.EventQueue::dispatchEvent@22 (line 702)
  0x0000021787d60604: 58a6 8fff 

  0x0000021787d60608: ;   {post_call_nop}
  0x0000021787d60608: 0f1f 8400 | 001c 0030 | ba45 ffff | ff44 8954 

  0x0000021787d60618: ;   {runtime_call UncommonTrapBlob}
  0x0000021787d60618: 2420 90e8 

  0x0000021787d6061c: ; ImmutableOopMap {[32]=NarrowOop [80]=Oop }
                      ;*ifnull {reexecute=1 rethrow=0 return_oop=0}
                      ; - (reexecute) java.awt.event.InvocationEvent::finishedDispatching@9 (line 407)
                      ; - java.awt.event.InvocationEvent::dispatch@54 (line 326)
                      ; - java.awt.EventQueue::dispatchEventImpl@21 (line 723)
                      ; - java.awt.EventQueue::dispatchEvent@22 (line 702)
  0x0000021787d6061c: 40a6 8fff 

  0x0000021787d60620: ;   {post_call_nop}
  0x0000021787d60620: 0f1f 8400 | 181c 0031 | ba45 ffff | ff44 895c 

  0x0000021787d60630: ;   {runtime_call UncommonTrapBlob}
  0x0000021787d60630: 2420 90e8 

  0x0000021787d60634: ; ImmutableOopMap {[32]=NarrowOop [80]=Oop }
                      ;*ifnull {reexecute=1 rethrow=0 return_oop=0}
                      ; - (reexecute) java.awt.event.InvocationEvent::finishedDispatching@40 (line 413)
                      ; - java.awt.event.InvocationEvent::dispatch@54 (line 326)
                      ; - java.awt.EventQueue::dispatchEventImpl@21 (line 723)
                      ; - java.awt.EventQueue::dispatchEvent@22 (line 702)
  0x0000021787d60634: 28a6 8fff 

  0x0000021787d60638: ;   {post_call_nop}
  0x0000021787d60638: 0f1f 8400 | 301c 0032 | ba45 ffff | ff44 8b44 | 2428 4489 | 4424 204c | 8954 2428 | 4489 5c24 
  0x0000021787d60658: ;   {runtime_call UncommonTrapBlob}
  0x0000021787d60658: 2466 90e8 

  0x0000021787d6065c: ; ImmutableOopMap {[32]=NarrowOop [40]=Oop [80]=Oop }
                      ;*ifle {reexecute=1 rethrow=0 return_oop=0}
                      ; - (reexecute) javax.swing.RepaintManager::prePaintDirtyRegions@82 (line 739)
                      ; - javax.swing.RepaintManager$ProcessingRunnable::run@37 (line 1840)
                      ; - java.awt.event.InvocationEvent::dispatch@47 (line 323)
                      ; - java.awt.EventQueue::dispatchEventImpl@21 (line 723)
                      ; - java.awt.EventQueue::dispatchEvent@22 (line 702)
  0x0000021787d6065c: 00a6 8fff 

  0x0000021787d60660: ;   {post_call_nop}
  0x0000021787d60660: 0f1f 8400 | 581c 0033 | ba45 ffff | ff48 8b6c | 2440 4c89 

  0x0000021787d60674: ;   {runtime_call UncommonTrapBlob}
  0x0000021787d60674: 4424 20e8 

  0x0000021787d60678: ; ImmutableOopMap {rbp=Oop [32]=Oop }
                      ;*ifeq {reexecute=1 rethrow=0 return_oop=0}
                      ; - (reexecute) java.awt.EventQueue::setCurrentEventAndMostRecentTimeImpl@93 (line 1224)
                      ; - java.awt.EventQueue::dispatchEventImpl@14 (line 722)
                      ; - java.awt.EventQueue::dispatchEvent@22 (line 702)
  0x0000021787d60678: e4a5 8fff 

  0x0000021787d6067c: ;   {post_call_nop}
  0x0000021787d6067c: 0f1f 8400 | 741c 0034 | ba45 ffff | ff48 8b6c | 2440 4c89 

  0x0000021787d60690: ;   {runtime_call UncommonTrapBlob}
  0x0000021787d60690: 4424 20e8 

  0x0000021787d60694: ; ImmutableOopMap {rbp=Oop [32]=Oop }
                      ;*ifeq {reexecute=1 rethrow=0 return_oop=0}
                      ; - (reexecute) java.awt.EventQueue::setCurrentEventAndMostRecentTimeImpl@115 (line 1227)
                      ; - java.awt.EventQueue::dispatchEventImpl@14 (line 722)
                      ; - java.awt.EventQueue::dispatchEvent@22 (line 702)
  0x0000021787d60694: c8a5 8fff 

  0x0000021787d60698: ;   {post_call_nop}
  0x0000021787d60698: 0f1f 8400 | 901c 0035 | 4c89 4424 | 4848 895c | 2440 4c89 | 7424 3844 | 896c 2430 | 4889 7424 
  0x0000021787d606b8: 2848 ff74 | 2450 488f 

  0x0000021787d606c0: ;   {metadata('java/lang/Object'[])}
  0x0000021787d606c0: 4424 2048 | bab8 3618 | 2000 0000 | 0041 b840 

  0x0000021787d606d0: ;   {runtime_call C2 Runtime new_array}
  0x0000021787d606d0: 0000 00e8 

  0x0000021787d606d4: ; ImmutableOopMap {rbp=NarrowOop [32]=Oop [40]=Oop [48]=NarrowOop [56]=Oop [64]=Oop [72]=Oop }
                      ;*anewarray {reexecute=0 rethrow=0 return_oop=1}
                      ; - java.util.IdentityHashMap::init@4 (line 266)
                      ; - java.util.IdentityHashMap::<init>@7 (line 222)
                      ; - javax.swing.RepaintManager::scheduleHeavyWeightPaints@29 (line 542)
                      ; - javax.swing.RepaintManager$ProcessingRunnable::run@23 (line 1837)
                      ; - java.awt.event.InvocationEvent::dispatch@47 (line 323)
                      ; - java.awt.EventQueue::dispatchEventImpl@21 (line 723)
                      ; - java.awt.EventQueue::dispatchEvent@22 (line 702)
  0x0000021787d606d4: 08f6 8fff 

  0x0000021787d606d8: ;   {post_call_nop}
  0x0000021787d606d8: 0f1f 8400 | d01c 0036 | 48ff 7424 | 2048 8f44 | 2450 4c8b | 5c24 2844 | 8b6c 2430 | 4c8b 7424 
  0x0000021787d606f8: 3848 8b5c | 2440 4c8b | 4424 484c | 8bc8 498b | f3e9 25f6 | ffff 4889 | 5c24 404c | 8974 2438 
  0x0000021787d60718: 4489 6c24 | 3048 8974 | 2428 48ff | 7424 5048 | 8f44 2420 

  0x0000021787d6072c: ;   {metadata('java/util/IdentityHashMap')}
  0x0000021787d6072c: 48ba 406d | 2520 0000 

  0x0000021787d60734: ;   {runtime_call C2 Runtime new_instance}
  0x0000021787d60734: 0000 90e8 

  0x0000021787d60738: ; ImmutableOopMap {rbp=NarrowOop [32]=Oop [40]=Oop [48]=NarrowOop [56]=Oop [64]=Oop }
                      ;*new {reexecute=0 rethrow=0 return_oop=1}
                      ; - javax.swing.RepaintManager::scheduleHeavyWeightPaints@25 (line 542)
                      ; - javax.swing.RepaintManager$ProcessingRunnable::run@23 (line 1837)
                      ; - java.awt.event.InvocationEvent::dispatch@47 (line 323)
                      ; - java.awt.EventQueue::dispatchEventImpl@21 (line 723)
                      ; - java.awt.EventQueue::dispatchEvent@22 (line 702)
  0x0000021787d60738: 242b 90ff 

  0x0000021787d6073c: ;   {post_call_nop}
  0x0000021787d6073c: 0f1f 8400 | 341d 0037 | 48ff 7424 | 2048 8f44 | 2450 4c8b | 5c24 2844 | 8b6c 2430 | 4c8b 7424 
  0x0000021787d6075c: 3848 8b5c | 2440 4c8b | c049 8bf3 | e922 f5ff | ff49 8beb 

  0x0000021787d60770: ;   {metadata('java/util/IdentityHashMap$KeyIterator')}
  0x0000021787d60770: 48ba 8862 | 3e20 0000 

  0x0000021787d60778: ;   {runtime_call C2 Runtime new_instance}
  0x0000021787d60778: 0000 90e8 

  0x0000021787d6077c: ; ImmutableOopMap {rbp=Oop [32]=Oop [40]=Oop [48]=NarrowOop [56]=Oop [64]=Oop [80]=Oop }
                      ;*new {reexecute=0 rethrow=0 return_oop=1}
                      ; - java.util.IdentityHashMap$KeySet::iterator@0 (line 997)
                      ; - javax.swing.RepaintManager::scheduleHeavyWeightPaints@51 (line 544)
                      ; - javax.swing.RepaintManager$ProcessingRunnable::run@23 (line 1837)
                      ; - java.awt.event.InvocationEvent::dispatch@47 (line 323)
                      ; - java.awt.EventQueue::dispatchEventImpl@21 (line 723)
                      ; - java.awt.EventQueue::dispatchEvent@22 (line 702)
  0x0000021787d6077c: e02a 90ff 

  0x0000021787d60780: ;   {post_call_nop}
  0x0000021787d60780: 0f1f 8400 | 781d 0038 | 4c8b dde9 | 3cf7 ffff | ba45 ffff | ff49 8be8 | 4489 5424 

  0x0000021787d6079c: ;   {runtime_call UncommonTrapBlob}
  0x0000021787d6079c: 2866 90e8 

  0x0000021787d607a0: ; ImmutableOopMap {rbp=Oop [40]=NarrowOop [64]=Oop }
                      ;*ifeq {reexecute=1 rethrow=0 return_oop=0}
                      ; - (reexecute) java.awt.EventQueue::dispatchEventImpl@33 (line 724)
                      ; - java.awt.EventQueue::dispatchEvent@22 (line 702)
  0x0000021787d607a0: bca4 8fff 

  0x0000021787d607a4: ;   {post_call_nop}
  0x0000021787d607a4: 0f1f 8400 | 9c1d 0039 | bac6 ffff | ff48 8b6c | 2450 4489 

  0x0000021787d607b8: ;   {runtime_call UncommonTrapBlob}
  0x0000021787d607b8: 5424 20e8 

  0x0000021787d607bc: ; ImmutableOopMap {rbp=Oop [32]=NarrowOop }
                      ;*invokeinterface run {reexecute=0 rethrow=0 return_oop=0}
                      ; - java.awt.event.InvocationEvent::dispatch@47 (line 323)
                      ; - java.awt.EventQueue::dispatchEventImpl@21 (line 723)
                      ; - java.awt.EventQueue::dispatchEvent@22 (line 702)
  0x0000021787d607bc: a0a4 8fff 

  0x0000021787d607c0: ;   {post_call_nop}
  0x0000021787d607c0: 0f1f 8400 | b81d 003a | 488b d64c | 8d44 2470 | 488b 6c24 | 5048 8974 | 2428 4889 

  0x0000021787d607dc: ;   {runtime_call C2 Runtime complete_monitor_locking}
  0x0000021787d607dc: 7424 30e8 

  0x0000021787d607e0: ; ImmutableOopMap {rbp=Oop [40]=Oop [48]=Oop [80]=Oop }
                      ;*monitorenter {reexecute=0 rethrow=0 return_oop=0}
                      ; - sun.awt.GlobalCursorManager$NativeUpdater::run@5 (line 45)
                      ; - java.awt.event.InvocationEvent::dispatch@47 (line 323)
                      ; - java.awt.EventQueue::dispatchEventImpl@21 (line 723)
                      ; - java.awt.EventQueue::dispatchEvent@22 (line 702)
  0x0000021787d607e0: 7c85 90ff 

  0x0000021787d607e4: ;   {post_call_nop}
  0x0000021787d607e4: 0f1f 8400 | dc1d 003b | 488b 7424 | 28e9 79f2 | ffff 488b | ce48 8d54 | 2470 4d8b 

  0x0000021787d60800: ;   {runtime_call}
  0x0000021787d60800: c749 ba50 | 80e8 84fa | 7f00 0041 

  0x0000021787d6080c: ;   {post_call_nop}
  0x0000021787d6080c: ffd2 0f1f | 8400 0000 | 0000 e9f5 | f2ff ffba | f6ff ffff | 488b 6c24 

  0x0000021787d60824: ;   {runtime_call UncommonTrapBlob}
  0x0000021787d60824: 5066 90e8 

  0x0000021787d60828: ; ImmutableOopMap {rbp=Oop }
                      ;*invokevirtual _updateCursor {reexecute=0 rethrow=0 return_oop=0}
                      ; - sun.awt.GlobalCursorManager$NativeUpdater::run@39 (line 52)
                      ; - java.awt.event.InvocationEvent::dispatch@47 (line 323)
                      ; - java.awt.EventQueue::dispatchEventImpl@21 (line 723)
                      ; - java.awt.EventQueue::dispatchEvent@22 (line 702)
  0x0000021787d60828: 34a4 8fff 

  0x0000021787d6082c: ;   {post_call_nop}
  0x0000021787d6082c: 0f1f 8400 | 241e 003c 

  0x0000021787d60834: ;   {metadata('java/util/LinkedList$ListItr')}
  0x0000021787d60834: 48ba 3844 | 0f21 0000 

  0x0000021787d6083c: ;   {runtime_call C2 Runtime new_instance}
  0x0000021787d6083c: 0000 90e8 

  0x0000021787d60840: ; ImmutableOopMap {rbp=NarrowOop [32]=Oop [40]=NarrowOop [48]=Oop [80]=Oop }
                      ;*new {reexecute=0 rethrow=0 return_oop=1}
                      ; - java.util.LinkedList::listIterator@5 (line 880)
                      ; - java.util.AbstractList::listIterator@2 (line 313)
                      ; - java.util.AbstractSequentialList::iterator@1 (line 240)
                      ; - javax.swing.RepaintManager::prePaintDirtyRegions@36 (line 734)
                      ; - javax.swing.RepaintManager$ProcessingRunnable::run@37 (line 1840)
                      ; - java.awt.event.InvocationEvent::dispatch@47 (line 323)
                      ; - java.awt.EventQueue::dispatchEventImpl@21 (line 723)
                      ; - java.awt.EventQueue::dispatchEvent@22 (line 702)
  0x0000021787d60840: 1c2a 90ff 

  0x0000021787d60844: ;   {post_call_nop}
  0x0000021787d60844: 0f1f 8400 | 3c1e 003d | e93f f8ff | ffba dfff | ffff 488b | e84c 8954 

  0x0000021787d6085c: ;   {runtime_call UncommonTrapBlob}
  0x0000021787d6085c: 2420 90e8 

  0x0000021787d60860: ; ImmutableOopMap {rbp=Oop [32]=Oop }
                      ;*invokeinterface setCanAccessSystemClipboard {reexecute=0 rethrow=0 return_oop=0}
                      ; - java.awt.AWTEvent::dispatched@15 (line 572)
                      ; - java.awt.EventQueue::dispatchEventImpl@45 (line 726)
                      ; - java.awt.EventQueue::dispatchEvent@22 (line 702)
  0x0000021787d60860: fca3 8fff 

  0x0000021787d60864: ;   {post_call_nop}
  0x0000021787d60864: 0f1f 8400 | 5c1e 003e | ba45 ffff | ff48 8b6c | 2440 4489 | 5c24 2444 | 8954 2428 

  0x0000021787d60880: ;   {runtime_call UncommonTrapBlob}
  0x0000021787d60880: 6666 90e8 

  0x0000021787d60884: ; ImmutableOopMap {rbp=Oop [36]=NarrowOop }
                      ;*ifeq {reexecute=1 rethrow=0 return_oop=0}
                      ; - (reexecute) jdk.internal.misc.Unsafe::getAndBitwiseAndInt@21 (line 3249)
                      ; - java.util.concurrent.locks.AbstractQueuedSynchronizer$Node::getAndUnsetStatus@10 (line 482)
                      ; - java.util.concurrent.locks.AbstractQueuedSynchronizer::signalNext@22 (line 645)
                      ; - java.util.concurrent.locks.AbstractQueuedSynchronizer::release@12 (line 1100)
                      ; - java.util.concurrent.locks.ReentrantLock::unlock@5 (line 495)
                      ; - java.awt.EventQueue::setCurrentEventAndMostRecentTimeImpl@168 (line 1236)
                      ; - java.awt.EventQueue::dispatchEventImpl@14 (line 722)
                      ; - java.awt.EventQueue::dispatchEvent@22 (line 702)
  0x0000021787d60884: d8a3 8fff 

  0x0000021787d60888: ;   {post_call_nop}
  0x0000021787d60888: 0f1f 8400 | 801e 003f | ba45 ffff | ff48 8b6c | 2440 4c89 | 4424 2044 | 8954 2430 | 4489 5c24 
  0x0000021787d608a8: ;   {runtime_call UncommonTrapBlob}
  0x0000021787d608a8: 3466 90e8 

  0x0000021787d608ac: ; ImmutableOopMap {rbp=Oop [32]=Oop [48]=NarrowOop }
                      ;*ifge {reexecute=1 rethrow=0 return_oop=0}
                      ; - (reexecute) java.util.concurrent.locks.ReentrantLock$NonfairSync::initialTryLock@36 (line 231)
                      ; - java.util.concurrent.locks.ReentrantLock$Sync::lock@1 (line 153)
                      ; - java.util.concurrent.locks.ReentrantLock::lock@4 (line 323)
                      ; - java.awt.EventQueue::setCurrentEventAndMostRecentTimeImpl@4 (line 1201)
                      ; - java.awt.EventQueue::dispatchEventImpl@14 (line 722)
                      ; - java.awt.EventQueue::dispatchEvent@22 (line 702)
  0x0000021787d608ac: b0a3 8fff 

  0x0000021787d608b0: ;   {post_call_nop}
  0x0000021787d608b0: 0f1f 8400 | a81e 0040 | bac6 ffff | ff48 8b6c | 2440 4c89 

  0x0000021787d608c4: ;   {runtime_call UncommonTrapBlob}
  0x0000021787d608c4: 5424 20e8 

  0x0000021787d608c8: ; ImmutableOopMap {rbp=Oop [32]=Oop }
                      ;*invokevirtual dispatchEventImpl {reexecute=0 rethrow=0 return_oop=0}
                      ; - java.awt.Component::dispatchEvent@2 (line 4790)
                      ; - java.awt.EventQueue::dispatchEventImpl@41 (line 725)
                      ; - java.awt.EventQueue::dispatchEvent@22 (line 702)
  0x0000021787d608c8: 94a3 8fff 

  0x0000021787d608cc: ;   {post_call_nop}
  0x0000021787d608cc: 0f1f 8400 | c41e 0041 | ba45 ffff | ff4c 8b54 | 2428 4c89 | 5424 2044 | 895c 2428 

  0x0000021787d608e8: ;   {runtime_call UncommonTrapBlob}
  0x0000021787d608e8: 6666 90e8 

  0x0000021787d608ec: ; ImmutableOopMap {rbp=Oop [32]=Oop }
                      ;*lookupswitch {reexecute=1 rethrow=0 return_oop=0}
                      ; - (reexecute) java.awt.Container::dispatchEventImpl@56 (line 2321)
                      ; - java.awt.Component::dispatchEvent@2 (line 4790)
                      ; - java.awt.EventQueue::dispatchEventImpl@41 (line 725)
                      ; - java.awt.EventQueue::dispatchEvent@22 (line 702)
  0x0000021787d608ec: 70a3 8fff 

  0x0000021787d608f0: ;   {post_call_nop}
  0x0000021787d608f0: 0f1f 8400 | e81e 0042 

  0x0000021787d608f8: ;   {oop(a 'java/awt/Component$AWTTreeLock'{0x00000000837764e0})}
  0x0000021787d608f8: 48ba e064 | 7783 0000 | 0000 4c8d 

  0x0000021787d60904: ;   {runtime_call C2 Runtime complete_monitor_locking}
  0x0000021787d60904: 4424 70e8 

  0x0000021787d60908: ; ImmutableOopMap {rbp=Oop [40]=Oop }
                      ;*monitorenter {reexecute=0 rethrow=0 return_oop=0}
                      ; - java.awt.Container::dispatchEventImpl@51 (line 2320)
                      ; - java.awt.Component::dispatchEvent@2 (line 4790)
                      ; - java.awt.EventQueue::dispatchEventImpl@41 (line 725)
                      ; - java.awt.EventQueue::dispatchEvent@22 (line 702)
  0x0000021787d60908: 5484 90ff 

  0x0000021787d6090c: ;   {post_call_nop}
  0x0000021787d6090c: 0f1f 8400 | 041f 0043 | e90f eeff | ffba 45ff | ffff 488b | 6c24 404c | 8954 2420 | 8944 2430 
  0x0000021787d6092c: ;   {runtime_call UncommonTrapBlob}
  0x0000021787d6092c: 6666 90e8 

  0x0000021787d60930: ; ImmutableOopMap {rbp=Oop [32]=Oop }
                      ;*ifeq {reexecute=1 rethrow=0 return_oop=0}
                      ; - (reexecute) java.awt.Container::dispatchEventImpl@15 (line 2304)
                      ; - java.awt.Component::dispatchEvent@2 (line 4790)
                      ; - java.awt.EventQueue::dispatchEventImpl@41 (line 725)
                      ; - java.awt.EventQueue::dispatchEvent@22 (line 702)
  0x0000021787d60930: 2ca3 8fff 

  0x0000021787d60934: ;   {post_call_nop}
  0x0000021787d60934: 0f1f 8400 | 2c1f 0044 | 498b ce48 | 8d54 2470 

  0x0000021787d60944: ;   {runtime_call}
  0x0000021787d60944: 4d8b c749 | ba50 80e8 | 84fa 7f00 | 0041 ffd2 

  0x0000021787d60954: ;   {post_call_nop}
  0x0000021787d60954: 0f1f 8400 | 0000 0000 | e9e0 f4ff | ffba deff | ffff 4c8b | 5424 284c | 8954 2420 | 448b 5424 
  0x0000021787d60974: 3044 8954 | 2428 4889 

  0x0000021787d6097c: ;   {runtime_call UncommonTrapBlob}
  0x0000021787d6097c: 4424 38e8 

  0x0000021787d60980: ; ImmutableOopMap {[32]=Oop [40]=NarrowOop [56]=Oop [64]=Oop [80]=Oop }
                      ;*invokeinterface iterator {reexecute=0 rethrow=0 return_oop=0}
                      ; - javax.swing.RepaintManager::scheduleHeavyWeightPaints@51 (line 544)
                      ; - javax.swing.RepaintManager$ProcessingRunnable::run@23 (line 1837)
                      ; - java.awt.event.InvocationEvent::dispatch@47 (line 323)
                      ; - java.awt.EventQueue::dispatchEventImpl@21 (line 723)
                      ; - java.awt.EventQueue::dispatchEvent@22 (line 702)
  0x0000021787d60980: dca2 8fff 

  0x0000021787d60984: ;   {post_call_nop}
  0x0000021787d60984: 0f1f 8400 | 7c1f 0045 | bade ffff | ff89 7c24 | 2844 896c 

  0x0000021787d60998: ;   {runtime_call UncommonTrapBlob}
  0x0000021787d60998: 242c 90e8 

  0x0000021787d6099c: ; ImmutableOopMap {rbp=NarrowOop [40]=NarrowOop [44]=NarrowOop [80]=Oop }
                      ;*invokeinterface iterator {reexecute=0 rethrow=0 return_oop=0}
                      ; - javax.swing.RepaintManager::prePaintDirtyRegions@36 (line 734)
                      ; - javax.swing.RepaintManager$ProcessingRunnable::run@37 (line 1840)
                      ; - java.awt.event.InvocationEvent::dispatch@47 (line 323)
                      ; - java.awt.EventQueue::dispatchEventImpl@21 (line 723)
                      ; - java.awt.EventQueue::dispatchEvent@22 (line 702)
  0x0000021787d6099c: c0a2 8fff 

  0x0000021787d609a0: ;   {post_call_nop}
  0x0000021787d609a0: 0f1f 8400 | 981f 0046 | ba45 ffff | ff4c 8b54 | 2440 4c89 | 5424 3848 | 894c 2448 | 4889 4c24 
  0x0000021787d609c0: ;   {runtime_call UncommonTrapBlob}
  0x0000021787d609c0: 5066 90e8 

  0x0000021787d609c4: ; ImmutableOopMap {[32]=Oop [40]=Oop [48]=NarrowOop [56]=Oop [72]=Oop [80]=Oop }
                      ;*ifeq {reexecute=1 rethrow=0 return_oop=0}
                      ; - (reexecute) java.util.IdentityHashMap$IdentityHashMapIterator::<init>@22 (line 736)
                      ; - java.util.IdentityHashMap$KeyIterator::<init>@9 (line 845)
                      ; - java.util.IdentityHashMap$KeySet::iterator@8 (line 997)
                      ; - javax.swing.RepaintManager::scheduleHeavyWeightPaints@51 (line 544)
                      ; - javax.swing.RepaintManager$ProcessingRunnable::run@23 (line 1837)
                      ; - java.awt.event.InvocationEvent::dispatch@47 (line 323)
                      ; - java.awt.EventQueue::dispatchEventImpl@21 (line 723)
                      ; - java.awt.EventQueue::dispatchEvent@22 (line 702)
  0x0000021787d609c4: 98a2 8fff 

  0x0000021787d609c8: ;   {post_call_nop}
  0x0000021787d609c8: 0f1f 8400 | c01f 0047 | baf6 ffff | ff48 8b6c | 2440 4c89 

  0x0000021787d609dc: ;   {runtime_call UncommonTrapBlob}
  0x0000021787d609dc: 5424 20e8 

  0x0000021787d609e0: ; ImmutableOopMap {rbp=Oop [32]=Oop }
                      ;*invokevirtual updateCursorImmediately {reexecute=0 rethrow=0 return_oop=0}
                      ; - java.awt.LightweightDispatcher::dispatchEvent@68 (line 4505)
                      ; - java.awt.Container::dispatchEventImpl@12 (line 2304)
                      ; - java.awt.Component::dispatchEvent@2 (line 4790)
                      ; - java.awt.EventQueue::dispatchEventImpl@41 (line 725)
                      ; - java.awt.EventQueue::dispatchEvent@22 (line 702)
  0x0000021787d609e0: 7ca2 8fff 

  0x0000021787d609e4: ;   {post_call_nop}
  0x0000021787d609e4: 0f1f 8400 | dc1f 0048 | bade ffff | ff4c 8b54 | 2428 4c89 | 5424 2044 | 8b5c 2430 | 4489 5c24 
  0x0000021787d60a04: 284c 8b54 | 2440 4c89 | 5424 3048 | 8944 2440 

  0x0000021787d60a14: ;   {runtime_call UncommonTrapBlob}
  0x0000021787d60a14: 6666 90e8 

  0x0000021787d60a18: ; ImmutableOopMap {rbp=Oop [32]=Oop [40]=NarrowOop [48]=Oop [64]=Oop [72]=Oop }
                      ;*checkcast {reexecute=0 rethrow=0 return_oop=0}
                      ; - javax.swing.RepaintManager::scheduleHeavyWeightPaints@72 (line 544)
                      ; - javax.swing.RepaintManager$ProcessingRunnable::run@23 (line 1837)
                      ; - java.awt.event.InvocationEvent::dispatch@47 (line 323)
                      ; - java.awt.EventQueue::dispatchEventImpl@21 (line 723)
                      ; - java.awt.EventQueue::dispatchEvent@22 (line 702)
  0x0000021787d60a18: 44a2 8fff 

  0x0000021787d60a1c: ;   {post_call_nop}
  0x0000021787d60a1c: 0f1f 8400 | 1420 0049 | bade ffff | ff48 8944 

  0x0000021787d60a2c: ;   {runtime_call UncommonTrapBlob}
  0x0000021787d60a2c: 2438 90e8 

  0x0000021787d60a30: ; ImmutableOopMap {rbp=NarrowOop [40]=NarrowOop [48]=Oop [56]=Oop [80]=Oop }
                      ;*checkcast {reexecute=0 rethrow=0 return_oop=0}
                      ; - javax.swing.RepaintManager::prePaintDirtyRegions@57 (line 734)
                      ; - javax.swing.RepaintManager$ProcessingRunnable::run@37 (line 1840)
                      ; - java.awt.event.InvocationEvent::dispatch@47 (line 323)
                      ; - java.awt.EventQueue::dispatchEventImpl@21 (line 723)
                      ; - java.awt.EventQueue::dispatchEvent@22 (line 702)
  0x0000021787d60a30: 2ca2 8fff 

  0x0000021787d60a34: ;   {post_call_nop}
  0x0000021787d60a34: 0f1f 8400 | 2c20 004a | bade ffff | ff4c 8b5c | 2428 4c89 | 5c24 2044 | 8b44 2430 | 4489 4424 
  0x0000021787d60a54: 284c 8b5c | 2440 4c89 | 5c24 304c | 8b5c 2448 | 4c89 5c24 | 3848 8944 

  0x0000021787d60a6c: ;   {runtime_call UncommonTrapBlob}
  0x0000021787d60a6c: 2448 90e8 

  0x0000021787d60a70: ; ImmutableOopMap {rbp=Oop [32]=Oop [40]=NarrowOop [48]=Oop [56]=Oop [72]=Oop [80]=Oop }
                      ;*checkcast {reexecute=0 rethrow=0 return_oop=0}
                      ; - javax.swing.RepaintManager::scheduleHeavyWeightPaints@83 (line 545)
                      ; - javax.swing.RepaintManager$ProcessingRunnable::run@23 (line 1837)
                      ; - java.awt.event.InvocationEvent::dispatch@47 (line 323)
                      ; - java.awt.EventQueue::dispatchEventImpl@21 (line 723)
                      ; - java.awt.EventQueue::dispatchEvent@22 (line 702)
  0x0000021787d60a70: eca1 8fff 

  0x0000021787d60a74: ;   {post_call_nop}
  0x0000021787d60a74: 0f1f 8400 | 6c20 004b | bade ffff | ff48 8b6c | 2440 4c89 

  0x0000021787d60a88: ;   {runtime_call UncommonTrapBlob}
  0x0000021787d60a88: 4424 20e8 

  0x0000021787d60a8c: ; ImmutableOopMap {rbp=Oop [32]=Oop }
                      ;*checkcast {reexecute=0 rethrow=0 return_oop=0}
                      ; - java.awt.EventQueue::setCurrentEventAndMostRecentTimeImpl@141 (line 1231)
                      ; - java.awt.EventQueue::dispatchEventImpl@14 (line 722)
                      ; - java.awt.EventQueue::dispatchEvent@22 (line 702)
  0x0000021787d60a8c: d0a1 8fff 

  0x0000021787d60a90: ;   {post_call_nop}
  0x0000021787d60a90: 0f1f 8400 | 8820 004c | baf6 ffff 

  0x0000021787d60a9c: ;   {runtime_call UncommonTrapBlob}
  0x0000021787d60a9c: ff66 90e8 

  0x0000021787d60aa0: ; ImmutableOopMap {}
                      ;*invokevirtual getSource {reexecute=0 rethrow=0 return_oop=0}
                      ; - java.awt.EventQueue::dispatchEvent@1 (line 697)
  0x0000021787d60aa0: bca1 8fff 

  0x0000021787d60aa4: ;   {post_call_nop}
  0x0000021787d60aa4: 0f1f 8400 | 9c20 004d | baf6 ffff | ff48 8b6c | 2440 4c89 

  0x0000021787d60ab8: ;   {runtime_call UncommonTrapBlob}
  0x0000021787d60ab8: 4424 20e8 

  0x0000021787d60abc: ; ImmutableOopMap {rbp=Oop [32]=Oop }
                      ;*invokeinterface lock {reexecute=0 rethrow=0 return_oop=0}
                      ; - java.awt.EventQueue::setCurrentEventAndMostRecentTimeImpl@4 (line 1201)
                      ; - java.awt.EventQueue::dispatchEventImpl@14 (line 722)
                      ; - java.awt.EventQueue::dispatchEvent@22 (line 702)
  0x0000021787d60abc: a0a1 8fff 

  0x0000021787d60ac0: ;   {post_call_nop}
  0x0000021787d60ac0: 0f1f 8400 | b820 004e | baf6 ffff | ff48 8b6c 

  0x0000021787d60ad0: ;   {runtime_call UncommonTrapBlob}
  0x0000021787d60ad0: 2440 90e8 

  0x0000021787d60ad4: ; ImmutableOopMap {rbp=Oop }
                      ;*invokeinterface unlock {reexecute=0 rethrow=0 return_oop=0}
                      ; - java.awt.EventQueue::setCurrentEventAndMostRecentTimeImpl@168 (line 1236)
                      ; - java.awt.EventQueue::dispatchEventImpl@14 (line 722)
                      ; - java.awt.EventQueue::dispatchEvent@22 (line 702)
  0x0000021787d60ad4: 88a1 8fff 

  0x0000021787d60ad8: ;   {post_call_nop}
  0x0000021787d60ad8: 0f1f 8400 | d020 004f | baf6 ffff | ff48 8b6c 

  0x0000021787d60ae8: ;   {runtime_call UncommonTrapBlob}
  0x0000021787d60ae8: 2440 90e8 

  0x0000021787d60aec: ; ImmutableOopMap {rbp=Oop }
                      ;*invokevirtual release {reexecute=0 rethrow=0 return_oop=0}
                      ; - java.util.concurrent.locks.ReentrantLock::unlock@5 (line 495)
                      ; - java.awt.EventQueue::setCurrentEventAndMostRecentTimeImpl@168 (line 1236)
                      ; - java.awt.EventQueue::dispatchEventImpl@14 (line 722)
                      ; - java.awt.EventQueue::dispatchEvent@22 (line 702)
  0x0000021787d60aec: 70a1 8fff 

  0x0000021787d60af0: ;   {post_call_nop}
  0x0000021787d60af0: 0f1f 8400 | e820 0050 | baf6 ffff | ff48 8b6c 

  0x0000021787d60b00: ;   {runtime_call UncommonTrapBlob}
  0x0000021787d60b00: 2450 90e8 

  0x0000021787d60b04: ; ImmutableOopMap {rbp=Oop }
                      ;*invokeinterface run {reexecute=0 rethrow=0 return_oop=0}
                      ; - java.awt.event.InvocationEvent::dispatch@47 (line 323)
                      ; - java.awt.EventQueue::dispatchEventImpl@21 (line 723)
                      ; - java.awt.EventQueue::dispatchEvent@22 (line 702)
  0x0000021787d60b04: 58a1 8fff 

  0x0000021787d60b08: ;   {post_call_nop}
  0x0000021787d60b08: 0f1f 8400 | 0021 0051 | baf6 ffff | ff48 8b6c | 2450 4889 | 7424 2044 | 896c 242c | 4489 6c24 
  0x0000021787d60b28: ;   {runtime_call UncommonTrapBlob}
  0x0000021787d60b28: 3066 90e8 

  0x0000021787d60b2c: ; ImmutableOopMap {rbp=Oop [32]=Oop [44]=NarrowOop [48]=NarrowOop }
                      ;*invokeinterface size {reexecute=0 rethrow=0 return_oop=0}
                      ; - javax.swing.RepaintManager::scheduleHeavyWeightPaints@8 (line 538)
                      ; - javax.swing.RepaintManager$ProcessingRunnable::run@23 (line 1837)
                      ; - java.awt.event.InvocationEvent::dispatch@47 (line 323)
                      ; - java.awt.EventQueue::dispatchEventImpl@21 (line 723)
                      ; - java.awt.EventQueue::dispatchEvent@22 (line 702)
  0x0000021787d60b2c: 30a1 8fff 

  0x0000021787d60b30: ;   {post_call_nop}
  0x0000021787d60b30: 0f1f 8400 | 2821 0052 | baf6 ffff | ff89 7c24 | 2c89 7c24 

  0x0000021787d60b44: ;   {runtime_call UncommonTrapBlob}
  0x0000021787d60b44: 3066 90e8 

  0x0000021787d60b48: ; ImmutableOopMap {rbp=NarrowOop [44]=NarrowOop [48]=NarrowOop [80]=Oop }
                      ;*invokeinterface clear {reexecute=0 rethrow=0 return_oop=0}
                      ; - javax.swing.RepaintManager::paintDirtyRegions@26 (line 786)
                      ; - javax.swing.RepaintManager::prePaintDirtyRegions@73 (line 738)
                      ; - javax.swing.RepaintManager$ProcessingRunnable::run@37 (line 1840)
                      ; - java.awt.event.InvocationEvent::dispatch@47 (line 323)
                      ; - java.awt.EventQueue::dispatchEventImpl@21 (line 723)
                      ; - java.awt.EventQueue::dispatchEvent@22 (line 702)
  0x0000021787d60b48: 14a1 8fff 

  0x0000021787d60b4c: ;   {post_call_nop}
  0x0000021787d60b4c: 0f1f 8400 | 4421 0053 | baf6 ffff | ff89 7c24 | 2c89 7c24 

  0x0000021787d60b60: ;   {runtime_call UncommonTrapBlob}
  0x0000021787d60b60: 3066 90e8 

  0x0000021787d60b64: ; ImmutableOopMap {rbp=NarrowOop [44]=NarrowOop [48]=NarrowOop [80]=Oop }
                      ;*arraylength {reexecute=0 rethrow=0 return_oop=0}
                      ; - java.util.IdentityHashMap::clear@19 (line 637)
                      ; - javax.swing.RepaintManager::paintDirtyRegions@26 (line 786)
                      ; - javax.swing.RepaintManager::prePaintDirtyRegions@73 (line 738)
                      ; - javax.swing.RepaintManager$ProcessingRunnable::run@37 (line 1840)
                      ; - java.awt.event.InvocationEvent::dispatch@47 (line 323)
                      ; - java.awt.EventQueue::dispatchEventImpl@21 (line 723)
                      ; - java.awt.EventQueue::dispatchEvent@22 (line 702)
  0x0000021787d60b64: f8a0 8fff 

  0x0000021787d60b68: ;   {post_call_nop}
  0x0000021787d60b68: 0f1f 8400 | 6021 0054 | baf6 ffff 

  0x0000021787d60b74: ;   {runtime_call UncommonTrapBlob}
  0x0000021787d60b74: ff66 90e8 

  0x0000021787d60b78: ; ImmutableOopMap {[40]=NarrowOop [80]=Oop }
                      ;*invokeinterface size {reexecute=0 rethrow=0 return_oop=0}
                      ; - javax.swing.RepaintManager::prePaintDirtyRegions@77 (line 739)
                      ; - javax.swing.RepaintManager$ProcessingRunnable::run@37 (line 1840)
                      ; - java.awt.event.InvocationEvent::dispatch@47 (line 323)
                      ; - java.awt.EventQueue::dispatchEventImpl@21 (line 723)
                      ; - java.awt.EventQueue::dispatchEvent@22 (line 702)
  0x0000021787d60b78: e4a0 8fff 

  0x0000021787d60b7c: ;   {post_call_nop}
  0x0000021787d60b7c: 0f1f 8400 | 7421 0055 | baf4 ffff | ff49 8be8 

  0x0000021787d60b8c: ;   {runtime_call UncommonTrapBlob}
  0x0000021787d60b8c: 6666 90e8 

  0x0000021787d60b90: ; ImmutableOopMap {rbp=Oop [64]=Oop }
                      ;*instanceof {reexecute=0 rethrow=0 return_oop=0}
                      ; - java.awt.EventQueue::dispatchEventImpl@30 (line 724)
                      ; - java.awt.EventQueue::dispatchEvent@22 (line 702)
  0x0000021787d60b90: cca0 8fff 

  0x0000021787d60b94: ;   {post_call_nop}
  0x0000021787d60b94: 0f1f 8400 | 8c21 0056 | baf6 ffff | ff49 8bea 

  0x0000021787d60ba4: ;   {runtime_call UncommonTrapBlob}
  0x0000021787d60ba4: 6666 90e8 

  0x0000021787d60ba8: ; ImmutableOopMap {rbp=Oop }
                      ;*invokeinterface setCanAccessSystemClipboard {reexecute=0 rethrow=0 return_oop=0}
                      ; - java.awt.AWTEvent::dispatched@15 (line 572)
                      ; - java.awt.EventQueue::dispatchEventImpl@45 (line 726)
                      ; - java.awt.EventQueue::dispatchEvent@22 (line 702)
  0x0000021787d60ba8: b4a0 8fff 

  0x0000021787d60bac: ;   {post_call_nop}
  0x0000021787d60bac: 0f1f 8400 | a421 0057 | baf4 ffff | ff4c 8b54 | 2428 4c89 | 5424 2044 | 8b5c 2430 | 4489 5c24 
  0x0000021787d60bcc: ;   {runtime_call UncommonTrapBlob}
  0x0000021787d60bcc: 2866 90e8 

  0x0000021787d60bd0: ; ImmutableOopMap {rbp=Oop [32]=Oop [40]=NarrowOop [64]=Oop [72]=Oop }
                      ;*checkcast {reexecute=0 rethrow=0 return_oop=0}
                      ; - javax.swing.RepaintManager::scheduleHeavyWeightPaints@72 (line 544)
                      ; - javax.swing.RepaintManager$ProcessingRunnable::run@23 (line 1837)
                      ; - java.awt.event.InvocationEvent::dispatch@47 (line 323)
                      ; - java.awt.EventQueue::dispatchEventImpl@21 (line 723)
                      ; - java.awt.EventQueue::dispatchEvent@22 (line 702)
  0x0000021787d60bd0: 8ca0 8fff 

  0x0000021787d60bd4: ;   {post_call_nop}
  0x0000021787d60bd4: 0f1f 8400 | cc21 0058 | baf4 ffff | ff4c 8b54 | 2428 4c89 | 5424 2044 | 8b5c 2430 | 4489 5c24 
  0x0000021787d60bf4: 284c 8b54 | 2440 4c89 

  0x0000021787d60bfc: ;   {runtime_call UncommonTrapBlob}
  0x0000021787d60bfc: 5424 30e8 

  0x0000021787d60c00: ; ImmutableOopMap {rbp=Oop [32]=Oop [40]=NarrowOop [48]=Oop [72]=Oop [80]=Oop }
                      ;*checkcast {reexecute=0 rethrow=0 return_oop=0}
                      ; - javax.swing.RepaintManager::scheduleHeavyWeightPaints@83 (line 545)
                      ; - javax.swing.RepaintManager$ProcessingRunnable::run@23 (line 1837)
                      ; - java.awt.event.InvocationEvent::dispatch@47 (line 323)
                      ; - java.awt.EventQueue::dispatchEventImpl@21 (line 723)
                      ; - java.awt.EventQueue::dispatchEvent@22 (line 702)
  0x0000021787d60c00: 5ca0 8fff 

  0x0000021787d60c04: ;   {post_call_nop}
  0x0000021787d60c04: 0f1f 8400 | fc21 0059 | baf4 ffff 

  0x0000021787d60c10: ;   {runtime_call UncommonTrapBlob}
  0x0000021787d60c10: ff66 90e8 

  0x0000021787d60c14: ; ImmutableOopMap {rbp=NarrowOop [40]=NarrowOop [48]=Oop [80]=Oop }
                      ;*checkcast {reexecute=0 rethrow=0 return_oop=0}
                      ; - javax.swing.RepaintManager::prePaintDirtyRegions@57 (line 734)
                      ; - javax.swing.RepaintManager$ProcessingRunnable::run@37 (line 1840)
                      ; - java.awt.event.InvocationEvent::dispatch@47 (line 323)
                      ; - java.awt.EventQueue::dispatchEventImpl@21 (line 723)
                      ; - java.awt.EventQueue::dispatchEvent@22 (line 702)
  0x0000021787d60c14: 48a0 8fff 

  0x0000021787d60c18: ;   {post_call_nop}
  0x0000021787d60c18: 0f1f 8400 | 1022 005a | ba95 ffff | ff48 8b6c | 2420 4c8b | 5c24 284c | 895c 2420 | 4889 4424 
  0x0000021787d60c38: ;   {runtime_call UncommonTrapBlob}
  0x0000021787d60c38: 2866 90e8 

  0x0000021787d60c3c: ; ImmutableOopMap {rbp=Oop [32]=Oop [40]=Oop }
                      ;*astore {reexecute=0 rethrow=0 return_oop=0}
                      ; - java.awt.EventQueue::setCurrentEventAndMostRecentTimeImpl@176 (line 1236)
                      ; - java.awt.EventQueue::dispatchEventImpl@14 (line 722)
                      ; - java.awt.EventQueue::dispatchEvent@22 (line 702)
  0x0000021787d60c3c: 20a0 8fff 

  0x0000021787d60c40: ;   {post_call_nop}
  0x0000021787d60c40: 0f1f 8400 | 3822 005b | eb08 eb06 | eb18 eb16 | eb1e 488b | d0eb 1c48 | 8bd0 eb17 | 488b d0eb 
  0x0000021787d60c60: 1248 8bd0 | eb0d 488b | d0eb 0848 | 8bd0 eb03 | 488b d048 | 81c4 8000 

  0x0000021787d60c78: ;   {runtime_call C2 Runtime rethrow}
  0x0000021787d60c78: 0000 5de9 | e089 90ff | baf6 ffff | ff4c 8b54 | 2428 4c89 | 5424 2044 | 8b54 2430 | 4489 5424 
  0x0000021787d60c98: ;   {runtime_call UncommonTrapBlob}
  0x0000021787d60c98: 2866 90e8 

  0x0000021787d60c9c: ; ImmutableOopMap {[32]=Oop [40]=NarrowOop [64]=Oop [80]=Oop }
                      ;*invokeinterface iterator {reexecute=0 rethrow=0 return_oop=0}
                      ; - javax.swing.RepaintManager::scheduleHeavyWeightPaints@51 (line 544)
                      ; - javax.swing.RepaintManager$ProcessingRunnable::run@23 (line 1837)
                      ; - java.awt.event.InvocationEvent::dispatch@47 (line 323)
                      ; - java.awt.EventQueue::dispatchEventImpl@21 (line 723)
                      ; - java.awt.EventQueue::dispatchEvent@22 (line 702)
  0x0000021787d60c9c: c09f 8fff 

  0x0000021787d60ca0: ;   {post_call_nop}
  0x0000021787d60ca0: 0f1f 8400 | 9822 005c | ba45 ffff | ff48 8b6c | 2450 4c8b | 5c24 284c | 895c 2420 | 448b 4424 
  0x0000021787d60cc0: 3044 8944 | 2428 4c8b | 5c24 404c | 895c 2430 | 4889 4c24 | 4044 8954 | 2448 4489 

  0x0000021787d60cdc: ;   {runtime_call UncommonTrapBlob}
  0x0000021787d60cdc: 5424 4ce8 

  0x0000021787d60ce0: ; ImmutableOopMap {rbp=Oop [32]=Oop [40]=NarrowOop [48]=Oop [64]=Oop [72]=NarrowOop [76]=NarrowOop }
                      ;*ifnonnull {reexecute=1 rethrow=0 return_oop=0}
                      ; - (reexecute) java.util.Objects::requireNonNull@1 (line 219)
                      ; - java.util.IdentityHashMap$KeyIterator::<init>@2 (line 845)
                      ; - java.util.IdentityHashMap$KeySet::iterator@8 (line 997)
                      ; - javax.swing.RepaintManager::scheduleHeavyWeightPaints@51 (line 544)
                      ; - javax.swing.RepaintManager$ProcessingRunnable::run@23 (line 1837)
                      ; - java.awt.event.InvocationEvent::dispatch@47 (line 323)
                      ; - java.awt.EventQueue::dispatchEventImpl@21 (line 723)
                      ; - java.awt.EventQueue::dispatchEvent@22 (line 702)
  0x0000021787d60ce0: 7c9f 8fff 

  0x0000021787d60ce4: ;   {post_call_nop}
  0x0000021787d60ce4: 0f1f 8400 | dc22 005d | 488b e8eb | 0348 8be8 | ba95 ffff 

  0x0000021787d60cf8: ;   {runtime_call UncommonTrapBlob}
  0x0000021787d60cf8: ff66 90e8 

  0x0000021787d60cfc: ; ImmutableOopMap {rbp=Oop [32]=Oop [40]=Oop [48]=NarrowOop }
                      ;*astore_3 {reexecute=0 rethrow=0 return_oop=0}
                      ; - javax.swing.RepaintManager::scheduleHeavyWeightPaints@40 (line 543)
                      ; - javax.swing.RepaintManager$ProcessingRunnable::run@23 (line 1837)
                      ; - java.awt.event.InvocationEvent::dispatch@47 (line 323)
                      ; - java.awt.EventQueue::dispatchEventImpl@21 (line 723)
                      ; - java.awt.EventQueue::dispatchEvent@22 (line 702)
  0x0000021787d60cfc: 609f 8fff 

  0x0000021787d60d00: ;   {post_call_nop}
  0x0000021787d60d00: 0f1f 8400 | f822 005e | eb2c eb16 | eb28 eb26 | eb24 eb0e | eb0c eb1e | eb1c eb1a | eb04 eb02 
  0x0000021787d60d20: eb00 488b | e848 ff74 | 2420 488f | 4424 50eb | 0848 8be8 | eb03 488b | e8ba 95ff 

  0x0000021787d60d3c: ;   {runtime_call UncommonTrapBlob}
  0x0000021787d60d3c: ffff 90e8 

  0x0000021787d60d40: ; ImmutableOopMap {rbp=Oop [80]=Oop }
                      ;*astore_2 {reexecute=0 rethrow=0 return_oop=0}
                      ; - java.awt.event.InvocationEvent::dispatch@60 (line 326)
                      ; - java.awt.EventQueue::dispatchEventImpl@21 (line 723)
                      ; - java.awt.EventQueue::dispatchEvent@22 (line 702)
  0x0000021787d60d40: 1c9f 8fff 

  0x0000021787d60d44: ;   {post_call_nop}
  0x0000021787d60d44: 0f1f 8400 | 3c23 005f | 418b 1948 | 83fb 000f | 8471 deff | ff4d 8b5f | 384d 85db | 0f84 1400 
  0x0000021787d60d64: 0000 4983 | eb08 4d89 | 5f38 4d03 | 5f40 4989 | 1be9 50de | ffff 4883 | ec40 4c89 | 4424 384c 
  0x0000021787d60d84: 894c 2430 | 4889 4c24 | 2848 8974 | 2420 488b | cb49 8bd7 

  0x0000021787d60d98: ;   {runtime_call}
  0x0000021787d60d98: 48b8 a003 | a284 fa7f | 0000 ffd0 | 488b 7424 | 2048 8b4c | 2428 4c8b | 4c24 304c | 8b44 2438 
  0x0000021787d60db8: c5f8 7748 | 83c4 40e9 | 06de ffff | f083 4424 | c000 4180 | 3b00 0f84 | 2ade ffff | 41c6 0300 
  0x0000021787d60dd8: 498b 5f50 | 4885 db0f | 8414 0000 | 0048 83eb | 0849 895f | 5049 035f | 584c 891b | e905 deff 
  0x0000021787d60df8: ff48 83ec | 404c 8944 | 2438 4889 | 4c24 3048 | 8974 2428 | 498b cb49 

  0x0000021787d60e10: ;   {runtime_call}
  0x0000021787d60e10: 8bd7 48b8 | 8003 a284 | fa7f 0000 | ffd0 488b | 7424 2848 | 8b4c 2430 | 4c8b 4424 | 38c5 f877 
  0x0000021787d60e30: 4883 c440 | e9c5 ddff | ff45 8b1a | 4983 fb00 | 0f84 51de | ffff 498b | 7f38 4885 | ff0f 8414 
  0x0000021787d60e50: 0000 0048 | 83ef 0849 | 897f 3849 | 037f 404c | 891f e930 | deff ff48 | 83ec 504c | 8954 2448 
  0x0000021787d60e70: 4c89 4424 | 4048 894c | 2438 4889 | 7424 3048 | 8944 2428 | 498b cb49 

  0x0000021787d60e88: ;   {runtime_call}
  0x0000021787d60e88: 8bd7 48b8 | a003 a284 | fa7f 0000 | ffd0 488b | 4424 2848 | 8b74 2430 | 488b 4c24 | 384c 8b44 
  0x0000021787d60ea8: 2440 4c8b | 5424 48c5 | f877 4883 | c450 e9dc | ddff fff0 | 8344 24c0 | 0080 3f00 | 0f84 00de 
  0x0000021787d60ec8: ffff c607 | 004d 8b5f | 504d 85db | 0f84 1400 | 0000 4983 | eb08 4d89 | 5f50 4d03 | 5f58 4989 
  0x0000021787d60ee8: 3be9 dcdd | ffff 4883 | ec40 4c89 | 4424 3848 | 894c 2430 | 4889 7424 | 2848 8bcf 

  0x0000021787d60f04: ;   {runtime_call}
  0x0000021787d60f04: 498b d748 | b880 03a2 | 84fa 7f00 | 00ff d048 | 8b74 2428 | 488b 4c24 | 304c 8b44 | 2438 c5f8 
  0x0000021787d60f24: 7748 83c4 | 40e9 9cdd | ffff 418b | 0b48 83f9 | 000f 840b | deff ff4d | 8b57 384d | 85d2 0f84 
  0x0000021787d60f44: 1400 0000 | 4983 ea08 | 4d89 5738 | 4d03 5740 | 4989 0ae9 | eadd ffff | 4883 ec40 | 4c89 5c24 
  0x0000021787d60f64: 384c 8944 | 2430 4c89 | 4c24 2849 

  0x0000021787d60f70: ;   {runtime_call}
  0x0000021787d60f70: 8bd7 48b8 | a003 a284 | fa7f 0000 | ffd0 4c8b | 4c24 284c | 8b44 2430 | 4c8b 5c24 | 38c5 f877 
  0x0000021787d60f90: 4883 c440 | e9ad ddff | ff41 8b09 | 4883 f900 | 0f84 22e2 | ffff 4d8b | 4738 4d85 | c00f 8414 
  0x0000021787d60fb0: 0000 0049 | 83e8 084d | 8947 384d | 0347 4049 | 8908 e901 | e2ff ff48 | 83ec 504c | 8954 2448 
  0x0000021787d60fd0: 4c89 5c24 | 404c 894c | 2438 4889 | 7c24 3048 | 8974 2428 

  0x0000021787d60fe4: ;   {runtime_call}
  0x0000021787d60fe4: 498b d748 | b8a0 03a2 | 84fa 7f00 | 00ff d048 | 8b74 2428 | 488b 7c24 | 304c 8b4c | 2438 4c8b 
  0x0000021787d61004: 5c24 404c | 8b54 2448 | c5f8 7748 | 83c4 50e9 | b0e1 ffff | 418b 0948 | 83f9 000f | 84d1 e2ff 
  0x0000021787d61024: ff49 8b5f | 3848 85db | 0f84 1400 | 0000 4883 | eb08 4989 | 5f38 4903 | 5f40 4889 | 0be9 b0e2 
  0x0000021787d61044: ffff 4883 | ec50 4c89 | 5424 484c | 895c 2440 | 4c89 4424 | 384c 894c | 2430 4889 | 7c24 2848 
  0x0000021787d61064: 8974 2420 

  0x0000021787d61068: ;   {runtime_call}
  0x0000021787d61068: 498b d748 | b8a0 03a2 | 84fa 7f00 | 00ff d048 | 8b74 2420 | 488b 7c24 | 284c 8b4c | 2430 4c8b 
  0x0000021787d61088: 4424 384c | 8b5c 2440 | 4c8b 5424 | 48c5 f877 | 4883 c450 | e955 e2ff | fff0 8344 | 24c0 0080 
  0x0000021787d610a8: 3b00 0f84 | 83e2 ffff | c603 0049 | 8b4f 5048 | 85c9 0f84 | 1400 0000 | 4883 e908 | 4989 4f50 
  0x0000021787d610c8: 4903 4f58 | 4889 19e9 | 5fe2 ffff | 4883 ec50 | 4c89 5424 | 484c 895c | 2440 4c89 | 4424 3848 
  0x0000021787d610e8: 897c 2430 | 4889 7424 | 2848 8bcb 

  0x0000021787d610f4: ;   {runtime_call}
  0x0000021787d610f4: 498b d748 | b880 03a2 | 84fa 7f00 | 00ff d048 | 8b74 2428 | 488b 7c24 | 304c 8b44 | 2438 4c8b 
  0x0000021787d61114: 5c24 404c | 8b54 2448 | c5f8 7748 | 83c4 50e9 | 0be2 ffff | 458b 0149 | 83f8 000f | 840d e2ff 
  0x0000021787d61134: ff4d 8b5f | 384d 85db | 0f84 1400 | 0000 4983 | eb08 4d89 | 5f38 4d03 | 5f40 4d89 | 03e9 ece1 
  0x0000021787d61154: ffff 4883 | ec40 4c89 | 5424 384c | 894c 2430 | 4889 7c24 | 2848 8974 | 2420 498b | c849 8bd7 
  0x0000021787d61174: ;   {runtime_call}
  0x0000021787d61174: 48b8 a003 | a284 fa7f | 0000 ffd0 | 488b 7424 | 2048 8b7c | 2428 4c8b | 4c24 304c | 8b54 2438 
  0x0000021787d61194: c5f8 7748 | 83c4 40e9 | a2e1 ffff | f083 4424 | c000 4180 | 3b00 0f84 | d0e1 ffff | 41c6 0300 
  0x0000021787d611b4: 4d8b 4750 | 4d85 c00f | 8414 0000 | 0049 83e8 | 084d 8947 | 504d 0347 | 584d 8918 | e9ab e1ff 
  0x0000021787d611d4: ff48 83ec | 404c 8954 | 2438 4889 | 7c24 3048 | 8974 2428 | 498b cb49 

  0x0000021787d611ec: ;   {runtime_call}
  0x0000021787d611ec: 8bd7 48b8 | 8003 a284 | fa7f 0000 | ffd0 488b | 7424 2848 | 8b7c 2430 | 4c8b 5424 | 38c5 f877 
  0x0000021787d6120c: 4883 c440 | e96b e1ff | ff8b 3e48 | 83ff 000f | 84e2 e1ff | ff4d 8b77 | 384d 85f6 | 0f84 1400 
  0x0000021787d6122c: 0000 4983 | ee08 4d89 | 7738 4d03 | 7740 4989 | 3ee9 c1e1 | ffff 4883 | ec70 c5f9 | d64c 2468 
  0x0000021787d6124c: c5f9 d644 | 2460 4c89 | 5424 584c | 895c 2450 | 4c89 4424 | 484c 894c | 2440 4889 | 4c24 3848 
  0x0000021787d6126c: 8954 2430 | 4889 7424 | 2848 8944 | 2420 488b | cf49 8bd7 

  0x0000021787d61280: ;   {runtime_call}
  0x0000021787d61280: 48b8 a003 | a284 fa7f | 0000 ffd0 | 488b 4424 | 2048 8b74 | 2428 488b | 5424 3048 | 8b4c 2438 
  0x0000021787d612a0: 4c8b 4c24 | 404c 8b44 | 2448 4c8b | 5c24 504c | 8b54 2458 | c5f8 77c5 | fa7e 4424 | 60c5 fa7e 
  0x0000021787d612c0: 4c24 6848 | 83c4 70e9 | 37e1 ffff | 418b 1948 | 83fb 000f | 84d1 e5ff | ff4d 8b5f | 384d 85db 
  0x0000021787d612e0: 0f84 1400 | 0000 4983 | eb08 4d89 | 5f38 4d03 | 5f40 4989 | 1be9 b0e5 | ffff 4883 | ec40 4c89 
  0x0000021787d61300: 4424 384c | 894c 2430 | 4889 4c24 | 2848 8974 | 2420 488b | cb49 8bd7 

  0x0000021787d61318: ;   {runtime_call}
  0x0000021787d61318: 48b8 a003 | a284 fa7f | 0000 ffd0 | 488b 7424 | 2048 8b4c | 2428 4c8b | 4c24 304c | 8b44 2438 
  0x0000021787d61338: c5f8 7748 | 83c4 40e9 | 66e5 ffff | f083 4424 | c000 4180 | 3b00 0f84 | 8ae5 ffff | 41c6 0300 
  0x0000021787d61358: 498b 5f50 | 4885 db0f | 8414 0000 | 0048 83eb | 0849 895f | 5049 035f | 584c 891b | e965 e5ff 
  0x0000021787d61378: ff48 83ec | 404c 8944 | 2438 4889 | 4c24 3048 | 8974 2428 | 498b cb49 

  0x0000021787d61390: ;   {runtime_call}
  0x0000021787d61390: 8bd7 48b8 | 8003 a284 | fa7f 0000 | ffd0 488b | 7424 2848 | 8b4c 2430 | 4c8b 4424 | 38c5 f877 
  0x0000021787d613b0: 4883 c440 | e925 e5ff | ff45 8b1a | 4983 fb00 | 0f84 7ce9 | ffff 498b | 4f38 4885 | c90f 8414 
  0x0000021787d613d0: 0000 0048 | 83e9 0849 | 894f 3849 | 034f 404c | 8919 e95b | e9ff ff48 | 83ec 404c | 8954 2438 
  0x0000021787d613f0: 4c89 4424 | 304c 894c | 2428 4889 | 7424 2049 | 8bcb 498b 

  0x0000021787d61404: ;   {runtime_call}
  0x0000021787d61404: d748 b8a0 | 03a2 84fa | 7f00 00ff | d048 8b74 | 2420 4c8b | 4c24 284c | 8b44 2430 | 4c8b 5424 
  0x0000021787d61424: 38c5 f877 | 4883 c440 | e911 e9ff | fff0 8344 | 24c0 0080 | 3900 0f84 | 35e9 ffff | c601 004d 
  0x0000021787d61444: 8b5f 504d | 85db 0f84 | 1400 0000 | 4983 eb08 | 4d89 5f50 | 4d03 5f58 | 4989 0be9 | 11e9 ffff 
  0x0000021787d61464: 4883 ec40 | 4c89 4424 | 384c 894c | 2430 4889 | 7424 2849 

  0x0000021787d61478: ;   {runtime_call}
  0x0000021787d61478: 8bd7 48b8 | 8003 a284 | fa7f 0000 | ffd0 488b | 7424 284c | 8b4c 2430 | 4c8b 4424 | 38c5 f877 
  0x0000021787d61498: 4883 c440 | e9d4 e8ff | fff0 8344 | 24c0 0080 | 3900 0f84 | fce8 ffff | c601 004d | 8b5f 504d 
  0x0000021787d614b8: 85db 0f84 | 1400 0000 | 4983 eb08 | 4d89 5f50 | 4d03 5f58 | 4989 0be9 | d8e8 ffff | 4883 ec30 
  0x0000021787d614d8: 4889 7424 | 2849 8bd7 

  0x0000021787d614e0: ;   {runtime_call}
  0x0000021787d614e0: 48b8 8003 | a284 fa7f | 0000 ffd0 | 488b 7424 | 28c5 f877 | 4883 c430 | e9af e8ff | fff0 8344 
  0x0000021787d61500: 24c0 0041 | 8038 000f | 842e eaff | ff41 c600 | 004d 8b4f | 504d 85c9 | 0f84 1400 | 0000 4983 
  0x0000021787d61520: e908 4d89 | 4f50 4d03 | 4f58 4d89 | 01e9 09ea | ffff 4883 | ec30 4889 | 4c24 2849 | 8bc8 498b 
  0x0000021787d61540: ;   {runtime_call}
  0x0000021787d61540: d748 b880 | 03a2 84fa | 7f00 00ff | d048 8b4c | 2428 c5f8 | 7748 83c4 | 30e9 dde9 | ffff 458b 
  0x0000021787d61560: 0349 83f8 | 000f 8480 | ebff ff4d | 8b57 384d | 85d2 0f84 | 1400 0000 | 4983 ea08 | 4d89 5738 
  0x0000021787d61580: 4d03 5740 | 4d89 02e9 | 5feb ffff | 4883 ec40 | 4c89 5c24 | 384c 894c | 2430 4889 | 4c24 2849 
  0x0000021787d615a0: 8bc8 498b 

  0x0000021787d615a4: ;   {runtime_call}
  0x0000021787d615a4: d748 b8a0 | 03a2 84fa | 7f00 00ff | d048 8b4c | 2428 4c8b | 4c24 304c | 8b5c 2438 | c5f8 7748 
  0x0000021787d615c4: 83c4 40e9 | 1feb ffff | f083 4424 | c000 4180 | 3a00 0f84 | 4deb ffff | 41c6 0200 | 4d8b 4750 
  0x0000021787d615e4: 4d85 c00f | 8414 0000 | 0049 83e8 | 084d 8947 | 504d 0347 | 584d 8910 | e928 ebff | ff48 83ec 
  0x0000021787d61604: 304c 894c | 2428 498b | ca49 8bd7 

  0x0000021787d61610: ;   {runtime_call}
  0x0000021787d61610: 48b8 8003 | a284 fa7f | 0000 ffd0 | 4c8b 4c24 | 28c5 f877 | 4883 c430 | e9fc eaff | ff41 8387 
  0x0000021787d61630: d806 0000 | 08e9 01e8 | ffff 4183 | 87d8 0600 | 0008 e9c3 | e4ff ff41 | 8387 d806 | 0000 08e9 
  0x0000021787d61650: 7fe1 ffff 

  0x0000021787d61654: ;   {internal_word}
  0x0000021787d61654: 49ba 30f5 | d587 1702 | 0000 4d89 | 97e0 0400 

  0x0000021787d61664: ;   {runtime_call SafepointBlob}
  0x0000021787d61664: 00e9 f6f8 | 82ff 4183 | 87d8 0600 | 0008 e93d | deff ff41 | 8387 d806 | 0000 08e9 | d6db ffff 
  0x0000021787d61684: 4183 87d8 | 0600 0008 | e994 daff | ff41 8387 | d806 0000 | 08e9 61d9 | ffff 4183 | 87d8 0600 
  0x0000021787d616a4: 0008 e914 

  0x0000021787d616a8: ;   {runtime_call Stub::method_entry_barrier}
  0x0000021787d616a8: d8ff ffe8 | 502c 81ff | e979 d4ff | fff4 f4f4 
[Stub Code]
  0x0000021787d616b8: ;   {static_stub}
  0x0000021787d616b8: 48bb 0000 | 0000 0000 

  0x0000021787d616c0: ;   {runtime_call nmethod}
  0x0000021787d616c0: 0000 e9fb 

  0x0000021787d616c4: ;   {static_stub}
  0x0000021787d616c4: ffff ff48 | bb00 0000 | 0000 0000 

  0x0000021787d616d0: ;   {runtime_call nmethod}
  0x0000021787d616d0: 00e9 fbff 

  0x0000021787d616d4: ;   {static_stub}
  0x0000021787d616d4: ffff 48bb | 0000 0000 | 0000 0000 

  0x0000021787d616e0: ;   {runtime_call nmethod}
  0x0000021787d616e0: e9fb ffff 

  0x0000021787d616e4: ;   {static_stub}
  0x0000021787d616e4: ff48 bb00 | 0000 0000 

  0x0000021787d616ec: ;   {runtime_call nmethod}
  0x0000021787d616ec: 0000 00e9 | fbff ffff 

  0x0000021787d616f4: ;   {static_stub}
  0x0000021787d616f4: 48bb 0000 | 0000 0000 

  0x0000021787d616fc: ;   {runtime_call nmethod}
  0x0000021787d616fc: 0000 e9fb 

  0x0000021787d61700: ;   {static_stub}
  0x0000021787d61700: ffff ff48 | bb00 0000 | 0000 0000 

  0x0000021787d6170c: ;   {runtime_call nmethod}
  0x0000021787d6170c: 00e9 fbff 

  0x0000021787d61710: ;   {static_stub}
  0x0000021787d61710: ffff 48bb | 0000 0000 | 0000 0000 

  0x0000021787d6171c: ;   {runtime_call nmethod}
  0x0000021787d6171c: e9fb ffff 

  0x0000021787d61720: ;   {static_stub}
  0x0000021787d61720: ff48 bb00 | 0000 0000 

  0x0000021787d61728: ;   {runtime_call nmethod}
  0x0000021787d61728: 0000 00e9 | fbff ffff 

  0x0000021787d61730: ;   {static_stub}
  0x0000021787d61730: 48bb 0000 | 0000 0000 

  0x0000021787d61738: ;   {runtime_call nmethod}
  0x0000021787d61738: 0000 e9fb 

  0x0000021787d6173c: ;   {static_stub}
  0x0000021787d6173c: ffff ff48 | bb00 0000 | 0000 0000 

  0x0000021787d61748: ;   {runtime_call nmethod}
  0x0000021787d61748: 00e9 fbff 

  0x0000021787d6174c: ;   {static_stub}
  0x0000021787d6174c: ffff 48bb | 0000 0000 | 0000 0000 

  0x0000021787d61758: ;   {runtime_call nmethod}
  0x0000021787d61758: e9fb ffff 

  0x0000021787d6175c: ;   {static_stub}
  0x0000021787d6175c: ff48 bb00 | 0000 0000 

  0x0000021787d61764: ;   {runtime_call nmethod}
  0x0000021787d61764: 0000 00e9 | fbff ffff 

  0x0000021787d6176c: ;   {static_stub}
  0x0000021787d6176c: 48bb 0000 | 0000 0000 

  0x0000021787d61774: ;   {runtime_call nmethod}
  0x0000021787d61774: 0000 e9fb 

  0x0000021787d61778: ;   {static_stub}
  0x0000021787d61778: ffff ff48 | bb00 0000 | 0000 0000 

  0x0000021787d61784: ;   {runtime_call nmethod}
  0x0000021787d61784: 00e9 fbff 

  0x0000021787d61788: ;   {static_stub}
  0x0000021787d61788: ffff 48bb | 0000 0000 | 0000 0000 

  0x0000021787d61794: ;   {runtime_call nmethod}
  0x0000021787d61794: e9fb ffff 

  0x0000021787d61798: ;   {static_stub}
  0x0000021787d61798: ff48 bb00 | 0000 0000 

  0x0000021787d617a0: ;   {runtime_call nmethod}
  0x0000021787d617a0: 0000 00e9 | fbff ffff 

  0x0000021787d617a8: ;   {static_stub}
  0x0000021787d617a8: 48bb b093 | 8290 1702 

  0x0000021787d617b0: ;   {runtime_call I2C/C2I adapters}
  0x0000021787d617b0: 0000 e9ff 

  0x0000021787d617b4: ;   {static_stub}
  0x0000021787d617b4: 4083 ff48 | bb00 0000 | 0000 0000 

  0x0000021787d617c0: ;   {runtime_call nmethod}
  0x0000021787d617c0: 00e9 fbff 

  0x0000021787d617c4: ;   {static_stub}
  0x0000021787d617c4: ffff 48bb | 0000 0000 | 0000 0000 

  0x0000021787d617d0: ;   {runtime_call nmethod}
  0x0000021787d617d0: e9fb ffff 

  0x0000021787d617d4: ;   {static_stub}
  0x0000021787d617d4: ff48 bb00 | 0000 0000 

  0x0000021787d617dc: ;   {runtime_call nmethod}
  0x0000021787d617dc: 0000 00e9 | fbff ffff 

  0x0000021787d617e4: ;   {static_stub}
  0x0000021787d617e4: 48bb 0000 | 0000 0000 

  0x0000021787d617ec: ;   {runtime_call nmethod}
  0x0000021787d617ec: 0000 e9fb 

  0x0000021787d617f0: ;   {static_stub}
  0x0000021787d617f0: ffff ff48 | bb00 0000 | 0000 0000 

  0x0000021787d617fc: ;   {runtime_call nmethod}
  0x0000021787d617fc: 00e9 fbff 

  0x0000021787d61800: ;   {static_stub}
  0x0000021787d61800: ffff 48bb | 0000 0000 | 0000 0000 

  0x0000021787d6180c: ;   {runtime_call nmethod}
  0x0000021787d6180c: e9fb ffff 

  0x0000021787d61810: ;   {static_stub}
  0x0000021787d61810: ff48 bb00 | 0000 0000 

  0x0000021787d61818: ;   {runtime_call nmethod}
  0x0000021787d61818: 0000 00e9 | fbff ffff 

  0x0000021787d61820: ;   {static_stub}
  0x0000021787d61820: 48bb 70b2 | 0f90 1702 

  0x0000021787d61828: ;   {runtime_call I2C/C2I adapters}
  0x0000021787d61828: 0000 e97f 

  0x0000021787d6182c: ;   {runtime_call ExceptionBlob}
  0x0000021787d6182c: ef82 ffe9 | 2c9a 8fff 
[Deopt Handler Code]
  0x0000021787d61834: e800 0000 | 0048 832c 

  0x0000021787d6183c: ;   {runtime_call DeoptimizationBlob}
  0x0000021787d6183c: 2405 e91d | fa82 fff4 | f4f4 f4f4 
[/MachCode]


---------------  P R O C E S S  ---------------

Threads class SMR info:
_java_thread_list=0x000002178fab3690, length=20, elements={
0x00000217fbc4c5a0, 0x00000217fbc4d400, 0x00000217fbc50a80, 0x00000217fbc528d0,
0x00000217fbc554a0, 0x00000217fbc56060, 0x00000217fbc63380, 0x00000217fbc67450,
0x000002178f113ac0, 0x000002178f150cf0, 0x000002178f1514b0, 0x000002178f342fc0,
0x000002178f7b9830, 0x00000217942ecc50, 0x00000217942ed420, 0x00000217942f0ad0,
0x00000217942f2a10, 0x000002179488e6c0, 0x000002179488d720, 0x000002179488cf50
}

Java Threads: ( => current thread )
  0x00000217fbc4c5a0 JavaThread "Reference Handler"          daemon [_thread_blocked, id=12952, stack(0x000000b8e3600000,0x000000b8e3700000) (1024K)]
  0x00000217fbc4d400 JavaThread "Finalizer"                  daemon [_thread_blocked, id=1356, stack(0x000000b8e3700000,0x000000b8e3800000) (1024K)]
  0x00000217fbc50a80 JavaThread "Signal Dispatcher"          daemon [_thread_blocked, id=12024, stack(0x000000b8e3800000,0x000000b8e3900000) (1024K)]
  0x00000217fbc528d0 JavaThread "Attach Listener"            daemon [_thread_blocked, id=12364, stack(0x000000b8e3900000,0x000000b8e3a00000) (1024K)]
  0x00000217fbc554a0 JavaThread "Service Thread"             daemon [_thread_blocked, id=8044, stack(0x000000b8e3a00000,0x000000b8e3b00000) (1024K)]
  0x00000217fbc56060 JavaThread "Monitor Deflation Thread"   daemon [_thread_blocked, id=6096, stack(0x000000b8e3b00000,0x000000b8e3c00000) (1024K)]
  0x00000217fbc63380 JavaThread "C2 CompilerThread0"         daemon [_thread_blocked, id=11628, stack(0x000000b8e3c00000,0x000000b8e3d00000) (1024K)]
  0x00000217fbc67450 JavaThread "C1 CompilerThread0"         daemon [_thread_blocked, id=8584, stack(0x000000b8e3d00000,0x000000b8e3e00000) (1024K)]
  0x000002178f113ac0 JavaThread "Common-Cleaner"             daemon [_thread_blocked, id=10768, stack(0x000000b8e3e00000,0x000000b8e3f00000) (1024K)]
  0x000002178f150cf0 JavaThread "Monitor Ctrl-Break"         daemon [_thread_in_native, id=4136, stack(0x000000b8e3f00000,0x000000b8e4000000) (1024K)]
  0x000002178f1514b0 JavaThread "Notification Thread"        daemon [_thread_blocked, id=13196, stack(0x000000b8e4000000,0x000000b8e4100000) (1024K)]
  0x000002178f342fc0 JavaThread "Java2D Disposer"            daemon [_thread_blocked, id=11680, stack(0x000000b8e4100000,0x000000b8e4200000) (1024K)]
  0x000002178f7b9830 JavaThread "AWT-Shutdown"                      [_thread_blocked, id=5928, stack(0x000000b8e4400000,0x000000b8e4500000) (1024K)]
=>0x00000217942ecc50 JavaThread "AWT-EventQueue-0"                  [_thread_in_native, id=2076, stack(0x000000b8e4a00000,0x000000b8e4b00000) (1024K)]
  0x00000217942ed420 JavaThread "Thread-1"                          [_thread_in_Java, id=1660, stack(0x000000b8e4d00000,0x000000b8e4e00000) (1024K)]
  0x00000217942f0ad0 JavaThread "DestroyJavaVM"                     [_thread_blocked, id=204, stack(0x000000b8e2e00000,0x000000b8e2f00000) (1024K)]
  0x00000217942f2a10 JavaThread "Java Sound Event Dispatcher" daemon [_thread_blocked, id=8784, stack(0x000000b8e4f00000,0x000000b8e5000000) (1024K)]
  0x000002179488e6c0 JavaThread "Thread-2"                          [_thread_blocked, id=12844, stack(0x000000b8e4600000,0x000000b8e4700000) (1024K)]
  0x000002179488d720 JavaThread "Thread-15"                         [_thread_blocked, id=12780, stack(0x000000b8e4900000,0x000000b8e4a00000) (1024K)]
  0x000002179488cf50 JavaThread "SIGINT handler"             daemon [_thread_blocked, id=5620, stack(0x000000b8e5100000,0x000000b8e5200000) (1024K)]
Total: 20

Other Threads:
  0x00000217ee4ae3b0 VMThread "VM Thread"                           [id=8208, stack(0x000000b8e3500000,0x000000b8e3600000) (1024K)]
  0x00000217fbc3ac30 WatcherThread "VM Periodic Task Thread"        [id=9200, stack(0x000000b8e3400000,0x000000b8e3500000) (1024K)]
  0x00000217ee43f4a0 WorkerThread "GC Thread#0"                     [id=8308, stack(0x000000b8e2f00000,0x000000b8e3000000) (1024K)]
  0x000002178f6b7140 WorkerThread "GC Thread#1"                     [id=11948, stack(0x000000b8e4200000,0x000000b8e4300000) (1024K)]
  0x000002178f6b4a70 WorkerThread "GC Thread#2"                     [id=8280, stack(0x000000b8e4300000,0x000000b8e4400000) (1024K)]
  0x0000021794434280 WorkerThread "GC Thread#3"                     [id=10856, stack(0x000000b8e4800000,0x000000b8e4900000) (1024K)]
  0x00000217ee4585d0 ConcurrentGCThread "G1 Main Marker"            [id=7424, stack(0x000000b8e3000000,0x000000b8e3100000) (1024K)]
  0x00000217ee45a920 WorkerThread "G1 Conc#0"                       [id=2752, stack(0x000000b8e3100000,0x000000b8e3200000) (1024K)]
  0x00000217ee48bf00 ConcurrentGCThread "G1 Refine#0"               [id=9764, stack(0x000000b8e3200000,0x000000b8e3300000) (1024K)]
  0x00000217ee48cb10 ConcurrentGCThread "G1 Service"                [id=12352, stack(0x000000b8e3300000,0x000000b8e3400000) (1024K)]
Total: 10

Threads with active compile tasks:
Total: 0

VM state: not at safepoint (normal execution)

VM Mutex/Monitor currently owned by a thread: None

Heap address: 0x0000000080600000, size: 2042 MB, Compressed Oops mode: 32-bit

CDS archive(s) mapped at: [0x0000000020000000-0x0000000020dd0000-0x0000000020dd0000), size 14483456, SharedBaseAddress: 0x0000000020000000, ArchiveRelocationMode: 1.
Compressed class space mapped at: 0x0000000021000000-0x0000000061000000, reserved size: 1073741824
UseCompressedClassPointers 1, UseCompactObjectHeaders 0
Narrow klass pointer bits 32, Max shift 3
Narrow klass base: 0x0000000020000000, Narrow klass shift: 0
Encoding Range: [0x0000000020000000 - 0x0000000120000000), (4294967296 bytes)
Klass Range:    [0x0000000020010000 - 0x0000000061000000), (1090453504 bytes)
Klass ID Range:  [65536 - 1090519033) (1090453497)
Protection zone: [0x0000000020000000 - 0x0000000020010000), (65536 bytes)

GC Precious Log:
 CardTable entry size: 512
 Card Set container configuration: InlinePtr #cards 5 size 8 Array Of Cards #cards 10 size 36 Howl #buckets 4 coarsen threshold 1843 Howl Bitmap #cards 512 size 80 coarsen threshold 460 Card regions per heap region 1 cards per card region 2048
 CPUs: 4 total, 4 available
 Memory: 8162M
 Large Page Support: Disabled
 NUMA Support: Disabled
 Compressed Oops: Enabled (32-bit)
 Heap Region Size: 1M
 Heap Min Capacity: 8M
 Heap Initial Capacity: 128M
 Heap Max Capacity: 2042M
 Pre-touch: Disabled
 Parallel Workers: 4
 Concurrent Workers: 1
 Concurrent Refinement Workers: 4
 Periodic GC: Disabled
 G1 Time-Based Heap Sizing enabled (uncommit-only)
 Evaluation Interval: 60s, Uncommit Delay: 300s, Min Regions To Uncommit: 10

Heap:
 garbage-first heap   total reserved 2091008K, committed 131072K, used 27564K [0x0000000080600000, 0x0000000100000000)
  region size 1024K, 15 young (15360K), 5 survivors (5120K)

Heap Regions: E=young(eden), S=young(survivor), O=old, HS=humongous(starts), HC=humongous(continues), CS=collection set, F=free, TAMS=top-at-mark-start, PB=parsable bottom
|   0|0x0000000080600000, 0x0000000080700000, 0x0000000080700000|100%|HS|  |TAMS 0x0000000080600000| PB 0x0000000080600000| Complete |  0
|   1|0x0000000080700000, 0x0000000080800000, 0x0000000080800000|100%|HS|  |TAMS 0x0000000080700000| PB 0x0000000080700000| Complete |  0
|   2|0x0000000080800000, 0x0000000080900000, 0x0000000080900000|100%|HS|  |TAMS 0x0000000080800000| PB 0x0000000080800000| Complete |  0
|   3|0x0000000080900000, 0x0000000080a00000, 0x0000000080a00000|100%|HS|  |TAMS 0x0000000080900000| PB 0x0000000080900000| Complete |  0
|   4|0x0000000080a00000, 0x0000000080b00000, 0x0000000080b00000|100%|HS|  |TAMS 0x0000000080a00000| PB 0x0000000080a00000| Complete |  0
|   5|0x0000000080b00000, 0x0000000080c00000, 0x0000000080c00000|100%|HS|  |TAMS 0x0000000080b00000| PB 0x0000000080b00000| Complete |  0
|   6|0x0000000080c00000, 0x0000000080c00000, 0x0000000080d00000|  0%| F|  |TAMS 0x0000000080c00000| PB 0x0000000080c00000| Untracked |  0
|   7|0x0000000080d00000, 0x0000000080d00000, 0x0000000080e00000|  0%| F|  |TAMS 0x0000000080d00000| PB 0x0000000080d00000| Untracked |  0
|   8|0x0000000080e00000, 0x0000000080e00000, 0x0000000080f00000|  0%| F|  |TAMS 0x0000000080e00000| PB 0x0000000080e00000| Untracked |  0
|   9|0x0000000080f00000, 0x0000000080f00000, 0x0000000081000000|  0%| F|  |TAMS 0x0000000080f00000| PB 0x0000000080f00000| Untracked |  0
|  10|0x0000000081000000, 0x0000000081000000, 0x0000000081100000|  0%| F|  |TAMS 0x0000000081000000| PB 0x0000000081000000| Untracked |  0
|  11|0x0000000081100000, 0x0000000081100000, 0x0000000081200000|  0%| F|  |TAMS 0x0000000081100000| PB 0x0000000081100000| Untracked |  0
|  12|0x0000000081200000, 0x0000000081200000, 0x0000000081300000|  0%| F|  |TAMS 0x0000000081200000| PB 0x0000000081200000| Untracked |  0
|  13|0x0000000081300000, 0x0000000081300000, 0x0000000081400000|  0%| F|  |TAMS 0x0000000081300000| PB 0x0000000081300000| Untracked |  0
|  14|0x0000000081400000, 0x0000000081400000, 0x0000000081500000|  0%| F|  |TAMS 0x0000000081400000| PB 0x0000000081400000| Untracked |  0
|  15|0x0000000081500000, 0x0000000081500000, 0x0000000081600000|  0%| F|  |TAMS 0x0000000081500000| PB 0x0000000081500000| Untracked |  0
|  16|0x0000000081600000, 0x0000000081700000, 0x0000000081700000|100%|HS|  |TAMS 0x0000000081600000| PB 0x0000000081600000| Complete |  0
|  17|0x0000000081700000, 0x0000000081800000, 0x0000000081800000|100%|HC|  |TAMS 0x0000000081700000| PB 0x0000000081700000| Complete |  0
|  18|0x0000000081800000, 0x0000000081900000, 0x0000000081900000|100%| O|  |TAMS 0x0000000081800000| PB 0x0000000081800000| Untracked |  0
|  19|0x0000000081900000, 0x0000000081a00000, 0x0000000081a00000|100%| O|  |TAMS 0x0000000081900000| PB 0x0000000081900000| Untracked |  0
|  20|0x0000000081a00000, 0x0000000081b00000, 0x0000000081b00000|100%| O|  |TAMS 0x0000000081a00000| PB 0x0000000081a00000| Untracked |  0
|  21|0x0000000081b00000, 0x0000000081c00000, 0x0000000081c00000|100%| O|  |TAMS 0x0000000081b00000| PB 0x0000000081b00000| Untracked |  0
|  22|0x0000000081c00000, 0x0000000081c00000, 0x0000000081d00000|  0%| F|  |TAMS 0x0000000081c00000| PB 0x0000000081c00000| Untracked |  0
|  23|0x0000000081d00000, 0x0000000081d00000, 0x0000000081e00000|  0%| F|  |TAMS 0x0000000081d00000| PB 0x0000000081d00000| Untracked |  0
|  24|0x0000000081e00000, 0x0000000081e00000, 0x0000000081f00000|  0%| F|  |TAMS 0x0000000081e00000| PB 0x0000000081e00000| Untracked |  0
|  25|0x0000000081f00000, 0x0000000081f00000, 0x0000000082000000|  0%| F|  |TAMS 0x0000000081f00000| PB 0x0000000081f00000| Untracked |  0
|  26|0x0000000082000000, 0x0000000082000000, 0x0000000082100000|  0%| F|  |TAMS 0x0000000082000000| PB 0x0000000082000000| Untracked |  0
|  27|0x0000000082100000, 0x0000000082100000, 0x0000000082200000|  0%| F|  |TAMS 0x0000000082100000| PB 0x0000000082100000| Untracked |  0
|  28|0x0000000082200000, 0x0000000082200000, 0x0000000082300000|  0%| F|  |TAMS 0x0000000082200000| PB 0x0000000082200000| Untracked |  0
|  29|0x0000000082300000, 0x0000000082300000, 0x0000000082400000|  0%| F|  |TAMS 0x0000000082300000| PB 0x0000000082300000| Untracked |  0
|  30|0x0000000082400000, 0x0000000082400000, 0x0000000082500000|  0%| F|  |TAMS 0x0000000082400000| PB 0x0000000082400000| Untracked |  0
|  31|0x0000000082500000, 0x0000000082500000, 0x0000000082600000|  0%| F|  |TAMS 0x0000000082500000| PB 0x0000000082500000| Untracked |  0
|  32|0x0000000082600000, 0x0000000082600000, 0x0000000082700000|  0%| F|  |TAMS 0x0000000082600000| PB 0x0000000082600000| Untracked |  0
|  33|0x0000000082700000, 0x0000000082700000, 0x0000000082800000|  0%| F|  |TAMS 0x0000000082700000| PB 0x0000000082700000| Untracked |  0
|  34|0x0000000082800000, 0x0000000082800000, 0x0000000082900000|  0%| F|  |TAMS 0x0000000082800000| PB 0x0000000082800000| Untracked |  0
|  35|0x0000000082900000, 0x0000000082900000, 0x0000000082a00000|  0%| F|  |TAMS 0x0000000082900000| PB 0x0000000082900000| Untracked |  0
|  36|0x0000000082a00000, 0x0000000082a00000, 0x0000000082b00000|  0%| F|  |TAMS 0x0000000082a00000| PB 0x0000000082a00000| Untracked |  0
|  37|0x0000000082b00000, 0x0000000082b00000, 0x0000000082c00000|  0%| F|  |TAMS 0x0000000082b00000| PB 0x0000000082b00000| Untracked |  0
|  38|0x0000000082c00000, 0x0000000082c00000, 0x0000000082d00000|  0%| F|  |TAMS 0x0000000082c00000| PB 0x0000000082c00000| Untracked |  0
|  39|0x0000000082d00000, 0x0000000082d00000, 0x0000000082e00000|  0%| F|  |TAMS 0x0000000082d00000| PB 0x0000000082d00000| Untracked |  0
|  40|0x0000000082e00000, 0x0000000082e00000, 0x0000000082f00000|  0%| F|  |TAMS 0x0000000082e00000| PB 0x0000000082e00000| Untracked |  0
|  41|0x0000000082f00000, 0x0000000082f00000, 0x0000000083000000|  0%| F|  |TAMS 0x0000000082f00000| PB 0x0000000082f00000| Untracked |  0
|  42|0x0000000083000000, 0x0000000083000000, 0x0000000083100000|  0%| F|  |TAMS 0x0000000083000000| PB 0x0000000083000000| Untracked |  0
|  43|0x0000000083100000, 0x0000000083100000, 0x0000000083200000|  0%| F|  |TAMS 0x0000000083100000| PB 0x0000000083100000| Untracked |  0
|  44|0x0000000083200000, 0x0000000083200000, 0x0000000083300000|  0%| F|  |TAMS 0x0000000083200000| PB 0x0000000083200000| Untracked |  0
|  45|0x0000000083300000, 0x00000000833c6a10, 0x0000000083400000| 77%| S|CS|TAMS 0x0000000083300000| PB 0x0000000083300000| Complete |  0
|  46|0x0000000083400000, 0x0000000083500000, 0x0000000083500000|100%| S|CS|TAMS 0x0000000083400000| PB 0x0000000083400000| Complete |  0
|  47|0x0000000083500000, 0x0000000083600000, 0x0000000083600000|100%| S|CS|TAMS 0x0000000083500000| PB 0x0000000083500000| Complete |  0
|  48|0x0000000083600000, 0x0000000083700000, 0x0000000083700000|100%| S|CS|TAMS 0x0000000083600000| PB 0x0000000083600000| Complete |  0
|  49|0x0000000083700000, 0x0000000083800000, 0x0000000083800000|100%| S|CS|TAMS 0x0000000083700000| PB 0x0000000083700000| Complete |  0
|  50|0x0000000083800000, 0x0000000083800000, 0x0000000083900000|  0%| F|  |TAMS 0x0000000083800000| PB 0x0000000083800000| Untracked |  0
|  51|0x0000000083900000, 0x0000000083900000, 0x0000000083a00000|  0%| F|  |TAMS 0x0000000083900000| PB 0x0000000083900000| Untracked |  0
|  52|0x0000000083a00000, 0x0000000083a00000, 0x0000000083b00000|  0%| F|  |TAMS 0x0000000083a00000| PB 0x0000000083a00000| Untracked |  0
|  53|0x0000000083b00000, 0x0000000083b00000, 0x0000000083c00000|  0%| F|  |TAMS 0x0000000083b00000| PB 0x0000000083b00000| Untracked |  0
|  54|0x0000000083c00000, 0x0000000083c00000, 0x0000000083d00000|  0%| F|  |TAMS 0x0000000083c00000| PB 0x0000000083c00000| Untracked |  0
|  55|0x0000000083d00000, 0x0000000083d00000, 0x0000000083e00000|  0%| F|  |TAMS 0x0000000083d00000| PB 0x0000000083d00000| Untracked |  0
|  56|0x0000000083e00000, 0x0000000083e00000, 0x0000000083f00000|  0%| F|  |TAMS 0x0000000083e00000| PB 0x0000000083e00000| Untracked |  0
|  57|0x0000000083f00000, 0x0000000083f00000, 0x0000000084000000|  0%| F|  |TAMS 0x0000000083f00000| PB 0x0000000083f00000| Untracked |  0
|  58|0x0000000084000000, 0x0000000084000000, 0x0000000084100000|  0%| F|  |TAMS 0x0000000084000000| PB 0x0000000084000000| Untracked |  0
|  59|0x0000000084100000, 0x0000000084100000, 0x0000000084200000|  0%| F|  |TAMS 0x0000000084100000| PB 0x0000000084100000| Untracked |  0
|  60|0x0000000084200000, 0x0000000084200000, 0x0000000084300000|  0%| F|  |TAMS 0x0000000084200000| PB 0x0000000084200000| Untracked |  0
|  61|0x0000000084300000, 0x0000000084300000, 0x0000000084400000|  0%| F|  |TAMS 0x0000000084300000| PB 0x0000000084300000| Untracked |  0
|  64|0x0000000084600000, 0x0000000084600000, 0x0000000084700000|  0%| F|  |TAMS 0x0000000084600000| PB 0x0000000084600000| Untracked |  0
|  65|0x0000000084700000, 0x0000000084700000, 0x0000000084800000|  0%| F|  |TAMS 0x0000000084700000| PB 0x0000000084700000| Untracked |  0
|  66|0x0000000084800000, 0x0000000084800000, 0x0000000084900000|  0%| F|  |TAMS 0x0000000084800000| PB 0x0000000084800000| Untracked |  0
|  67|0x0000000084900000, 0x0000000084900000, 0x0000000084a00000|  0%| F|  |TAMS 0x0000000084900000| PB 0x0000000084900000| Untracked |  0
|  68|0x0000000084a00000, 0x0000000084a00000, 0x0000000084b00000|  0%| F|  |TAMS 0x0000000084a00000| PB 0x0000000084a00000| Untracked |  0
|  69|0x0000000084b00000, 0x0000000084b00000, 0x0000000084c00000|  0%| F|  |TAMS 0x0000000084b00000| PB 0x0000000084b00000| Untracked |  0
|  70|0x0000000084c00000, 0x0000000084c00000, 0x0000000084d00000|  0%| F|  |TAMS 0x0000000084c00000| PB 0x0000000084c00000| Untracked |  0
|  71|0x0000000084d00000, 0x0000000084d00000, 0x0000000084e00000|  0%| F|  |TAMS 0x0000000084d00000| PB 0x0000000084d00000| Untracked |  0
|  72|0x0000000084e00000, 0x0000000084e00000, 0x0000000084f00000|  0%| F|  |TAMS 0x0000000084e00000| PB 0x0000000084e00000| Untracked |  0
|  73|0x0000000084f00000, 0x0000000084f00000, 0x0000000085000000|  0%| F|  |TAMS 0x0000000084f00000| PB 0x0000000084f00000| Untracked |  0
|  74|0x0000000085000000, 0x0000000085000000, 0x0000000085100000|  0%| F|  |TAMS 0x0000000085000000| PB 0x0000000085000000| Untracked |  0
|  75|0x0000000085100000, 0x0000000085100000, 0x0000000085200000|  0%| F|  |TAMS 0x0000000085100000| PB 0x0000000085100000| Untracked |  0
|  76|0x0000000085200000, 0x0000000085200000, 0x0000000085300000|  0%| F|  |TAMS 0x0000000085200000| PB 0x0000000085200000| Untracked |  0
|  77|0x0000000085300000, 0x0000000085300000, 0x0000000085400000|  0%| F|  |TAMS 0x0000000085300000| PB 0x0000000085300000| Untracked |  0
|  78|0x0000000085400000, 0x0000000085400000, 0x0000000085500000|  0%| F|  |TAMS 0x0000000085400000| PB 0x0000000085400000| Untracked |  0
|  79|0x0000000085500000, 0x0000000085500000, 0x0000000085600000|  0%| F|  |TAMS 0x0000000085500000| PB 0x0000000085500000| Untracked |  0
|  80|0x0000000085600000, 0x0000000085600000, 0x0000000085700000|  0%| F|  |TAMS 0x0000000085600000| PB 0x0000000085600000| Untracked |  0
|  81|0x0000000085700000, 0x0000000085700000, 0x0000000085800000|  0%| F|  |TAMS 0x0000000085700000| PB 0x0000000085700000| Untracked |  0
|  82|0x0000000085800000, 0x0000000085800000, 0x0000000085900000|  0%| F|  |TAMS 0x0000000085800000| PB 0x0000000085800000| Untracked |  0
|  83|0x0000000085900000, 0x0000000085900000, 0x0000000085a00000|  0%| F|  |TAMS 0x0000000085900000| PB 0x0000000085900000| Untracked |  0
|  84|0x0000000085a00000, 0x0000000085a00000, 0x0000000085b00000|  0%| F|  |TAMS 0x0000000085a00000| PB 0x0000000085a00000| Untracked |  0
|  85|0x0000000085b00000, 0x0000000085b00000, 0x0000000085c00000|  0%| F|  |TAMS 0x0000000085b00000| PB 0x0000000085b00000| Untracked |  0
|  86|0x0000000085c00000, 0x0000000085c00000, 0x0000000085d00000|  0%| F|  |TAMS 0x0000000085c00000| PB 0x0000000085c00000| Untracked |  0
|  87|0x0000000085d00000, 0x0000000085d00000, 0x0000000085e00000|  0%| F|  |TAMS 0x0000000085d00000| PB 0x0000000085d00000| Untracked |  0
|  88|0x0000000085e00000, 0x0000000085e00000, 0x0000000085f00000|  0%| F|  |TAMS 0x0000000085e00000| PB 0x0000000085e00000| Untracked |  0
|  89|0x0000000085f00000, 0x0000000085f00000, 0x0000000086000000|  0%| F|  |TAMS 0x0000000085f00000| PB 0x0000000085f00000| Untracked |  0
|  90|0x0000000086000000, 0x0000000086000000, 0x0000000086100000|  0%| F|  |TAMS 0x0000000086000000| PB 0x0000000086000000| Untracked |  0
|  91|0x0000000086100000, 0x0000000086100000, 0x0000000086200000|  0%| F|  |TAMS 0x0000000086100000| PB 0x0000000086100000| Untracked |  0
|  92|0x0000000086200000, 0x0000000086200000, 0x0000000086300000|  0%| F|  |TAMS 0x0000000086200000| PB 0x0000000086200000| Untracked |  0
|  93|0x0000000086300000, 0x0000000086300000, 0x0000000086400000|  0%| F|  |TAMS 0x0000000086300000| PB 0x0000000086300000| Untracked |  0
|  94|0x0000000086400000, 0x0000000086400000, 0x0000000086500000|  0%| F|  |TAMS 0x0000000086400000| PB 0x0000000086400000| Untracked |  0
|  95|0x0000000086500000, 0x0000000086500000, 0x0000000086600000|  0%| F|  |TAMS 0x0000000086500000| PB 0x0000000086500000| Untracked |  0
|  96|0x0000000086600000, 0x0000000086600000, 0x0000000086700000|  0%| F|  |TAMS 0x0000000086600000| PB 0x0000000086600000| Untracked |  0
|  97|0x0000000086700000, 0x0000000086700000, 0x0000000086800000|  0%| F|  |TAMS 0x0000000086700000| PB 0x0000000086700000| Untracked |  0
|  98|0x0000000086800000, 0x0000000086800000, 0x0000000086900000|  0%| F|  |TAMS 0x0000000086800000| PB 0x0000000086800000| Untracked |  0
|  99|0x0000000086900000, 0x0000000086900000, 0x0000000086a00000|  0%| F|  |TAMS 0x0000000086900000| PB 0x0000000086900000| Untracked |  0
| 100|0x0000000086a00000, 0x0000000086a00000, 0x0000000086b00000|  0%| F|  |TAMS 0x0000000086a00000| PB 0x0000000086a00000| Untracked |  0
| 101|0x0000000086b00000, 0x0000000086b00000, 0x0000000086c00000|  0%| F|  |TAMS 0x0000000086b00000| PB 0x0000000086b00000| Untracked |  0
| 102|0x0000000086c00000, 0x0000000086c00000, 0x0000000086d00000|  0%| F|  |TAMS 0x0000000086c00000| PB 0x0000000086c00000| Untracked |  0
| 103|0x0000000086d00000, 0x0000000086d00000, 0x0000000086e00000|  0%| F|  |TAMS 0x0000000086d00000| PB 0x0000000086d00000| Untracked |  0
| 104|0x0000000086e00000, 0x0000000086e00000, 0x0000000086f00000|  0%| F|  |TAMS 0x0000000086e00000| PB 0x0000000086e00000| Untracked |  0
| 105|0x0000000086f00000, 0x0000000086f00000, 0x0000000087000000|  0%| F|  |TAMS 0x0000000086f00000| PB 0x0000000086f00000| Untracked |  0
| 106|0x0000000087000000, 0x0000000087000000, 0x0000000087100000|  0%| F|  |TAMS 0x0000000087000000| PB 0x0000000087000000| Untracked |  0
| 107|0x0000000087100000, 0x0000000087100000, 0x0000000087200000|  0%| F|  |TAMS 0x0000000087100000| PB 0x0000000087100000| Untracked |  0
| 108|0x0000000087200000, 0x0000000087200000, 0x0000000087300000|  0%| F|  |TAMS 0x0000000087200000| PB 0x0000000087200000| Untracked |  0
| 109|0x0000000087300000, 0x0000000087300000, 0x0000000087400000|  0%| F|  |TAMS 0x0000000087300000| PB 0x0000000087300000| Untracked |  0
| 110|0x0000000087400000, 0x0000000087400000, 0x0000000087500000|  0%| F|  |TAMS 0x0000000087400000| PB 0x0000000087400000| Untracked |  0
| 111|0x0000000087500000, 0x0000000087500000, 0x0000000087600000|  0%| F|  |TAMS 0x0000000087500000| PB 0x0000000087500000| Untracked |  0
| 112|0x0000000087600000, 0x0000000087600000, 0x0000000087700000|  0%| F|  |TAMS 0x0000000087600000| PB 0x0000000087600000| Untracked |  0
| 113|0x0000000087700000, 0x0000000087700000, 0x0000000087800000|  0%| F|  |TAMS 0x0000000087700000| PB 0x0000000087700000| Untracked |  0
| 114|0x0000000087800000, 0x0000000087800000, 0x0000000087900000|  0%| F|  |TAMS 0x0000000087800000| PB 0x0000000087800000| Untracked |  0
| 115|0x0000000087900000, 0x0000000087900000, 0x0000000087a00000|  0%| F|  |TAMS 0x0000000087900000| PB 0x0000000087900000| Untracked |  0
| 116|0x0000000087a00000, 0x0000000087a00000, 0x0000000087b00000|  0%| F|  |TAMS 0x0000000087a00000| PB 0x0000000087a00000| Untracked |  0
| 117|0x0000000087b00000, 0x0000000087b00000, 0x0000000087c00000|  0%| F|  |TAMS 0x0000000087b00000| PB 0x0000000087b00000| Untracked |  0
| 118|0x0000000087c00000, 0x0000000087c5ae20, 0x0000000087d00000| 35%| E|  |TAMS 0x0000000087c00000| PB 0x0000000087c00000| Complete |  0
| 119|0x0000000087d00000, 0x0000000087e00000, 0x0000000087e00000|100%| E|CS|TAMS 0x0000000087d00000| PB 0x0000000087d00000| Complete |  0
| 120|0x0000000087e00000, 0x0000000087f00000, 0x0000000087f00000|100%| E|CS|TAMS 0x0000000087e00000| PB 0x0000000087e00000| Complete |  0
| 121|0x0000000087f00000, 0x0000000088000000, 0x0000000088000000|100%| E|CS|TAMS 0x0000000087f00000| PB 0x0000000087f00000| Complete |  0
| 122|0x0000000088000000, 0x0000000088100000, 0x0000000088100000|100%| E|CS|TAMS 0x0000000088000000| PB 0x0000000088000000| Complete |  0
| 123|0x0000000088100000, 0x0000000088200000, 0x0000000088200000|100%| E|CS|TAMS 0x0000000088100000| PB 0x0000000088100000| Complete |  0
| 124|0x0000000088200000, 0x0000000088300000, 0x0000000088300000|100%| E|CS|TAMS 0x0000000088200000| PB 0x0000000088200000| Complete |  0
| 125|0x0000000088300000, 0x0000000088400000, 0x0000000088400000|100%| E|CS|TAMS 0x0000000088300000| PB 0x0000000088300000| Complete |  0
| 126|0x0000000088400000, 0x0000000088500000, 0x0000000088500000|100%| E|CS|TAMS 0x0000000088400000| PB 0x0000000088400000| Complete |  0
| 127|0x0000000088500000, 0x0000000088600000, 0x0000000088600000|100%| E|CS|TAMS 0x0000000088500000| PB 0x0000000088500000| Complete |  0
|2040|0x00000000ffe00000, 0x00000000fff00000, 0x00000000fff00000|100%| O|  |TAMS 0x00000000ffe00000| PB 0x00000000ffe00000| Untracked |  0
|2041|0x00000000fff00000, 0x00000000fff248e8, 0x0000000100000000| 14%| O|  |TAMS 0x00000000fff00000| PB 0x00000000fff00000| Untracked |  0

Card table byte_map: [0x00000217f72f0000,0x00000217f76f0000] _byte_map_base: 0x00000217f6eed000

Marking Bits: (CMBitMap*) 0x00000217ee43fc30
 Bits: [0x00000217f76f0000, 0x00000217f96d8000)

Polling page: 0x00000217ec1a0000

Metaspace:
Metaspace        used 12516K, committed 12736K, reserved 1114112K
 class space     used 1163K, committed 1280K, reserved 1048576K

Usage:
  Non-class:     11.09 MB used.
      Class:      1.14 MB used.
       Both:     12.22 MB used.

Virtual space:
  Non-class space:       64.00 MB reserved,      11.19 MB ( 17%) committed,  1 nodes.
      Class space:        1.00 GB reserved,       1.25 MB ( <1%) committed,  1 nodes.
             Both:        1.06 GB reserved,      12.44 MB (  1%) committed. 

Chunk freelists:
   Non-Class:  4.65 MB
       Class:  14.71 MB
        Both:  19.36 MB

MaxMetaspaceSize: unlimited
CompressedClassSpaceSize: 1.00 GB
Initial GC threshold: 21.00 MB
Current GC threshold: 21.00 MB
CDS: on
 - commit_granule_bytes: 65536.
 - commit_granule_words: 8192.
 - virtual_space_node_default_size: 8388608.
 - enlarge_chunks_in_place: 1.
UseCompressedClassPointers 1, UseCompactObjectHeaders 0
Narrow klass pointer bits 32, Max shift 3
Narrow klass base: 0x0000000020000000, Narrow klass shift: 0
Encoding Range: [0x0000000020000000 - 0x0000000120000000), (4294967296 bytes)
Klass Range:    [0x0000000020010000 - 0x0000000061000000), (1090453504 bytes)
Klass ID Range:  [65536 - 1090519033) (1090453497)
Protection zone: [0x0000000020000000 - 0x0000000020010000), (65536 bytes)


Internal statistics:

num_allocs_failed_limit: 0.
num_arena_births: 166.
num_arena_deaths: 0.
num_vsnodes_births: 2.
num_vsnodes_deaths: 0.
num_space_committed: 199.
num_space_uncommitted: 0.
num_chunks_returned_to_freelist: 0.
num_chunks_taken_from_freelist: 300.
num_chunk_merges: 0.
num_chunk_splits: 177.
num_chunks_enlarged: 93.
num_inconsistent_stats: 0.

CodeHeap 'non-profiled nmethods': size=120064Kb used=2855Kb max_used=2855Kb free=117208Kb
 bounds [0x0000021787ae0000, 0x0000021787db0000, 0x000002178f020000]
CodeHeap 'profiled nmethods': size=120064Kb used=6142Kb max_used=6142Kb free=113921Kb
 bounds [0x0000021780000000, 0x0000021780600000, 0x0000021787540000]
CodeHeap 'non-nmethods': size=5760Kb used=1597Kb max_used=1779Kb free=4162Kb
 bounds [0x0000021787540000, 0x00000217877b0000, 0x0000021787ae0000]
CodeCache: size=245888Kb, used=10594Kb, max_used=10776Kb, free=235291Kb
 total_blobs=4768, nmethods=4039, adapters=631, full_count=0
Compilation: enabled, stopped_count=0, restarted_count=0

Compilation events (20 events):
Event: 360.264 Thread 0x00000217fbc63380 4032       4       sun.java2d.marlin.MarlinTileGenerator::getTypicalAlpha (56 bytes)
Event: 360.265 Thread 0x00000217fbc63380 nmethod 4032 0x0000021787da8588 code [0x0000021787da8680, 0x0000021787da87a8]
Event: 398.347 Thread 0x00000217fbc63380 4033       4       sun.java2d.marlin.Renderer::dispose (467 bytes)
Event: 398.362 Thread 0x00000217fbc63380 nmethod 4033 0x0000021787da8888 code [0x0000021787da8980, 0x0000021787da95c8]
Event: 418.336 Thread 0x00000217fbc67450 4034       3       sun.awt.windows.WGlobalCursorManager::getCursorManager (20 bytes)
Event: 418.336 Thread 0x00000217fbc67450 nmethod 4034 0x00000217805fc108 code [0x00000217805fc200, 0x00000217805fc858]
Event: 418.341 Thread 0x00000217fbc67450 4035   !   3       sun.awt.GlobalCursorManager::_updateCursor (165 bytes)
Event: 418.343 Thread 0x00000217fbc67450 nmethod 4035 0x00000217805fc888 code [0x00000217805fc980, 0x00000217805fe980]
Event: 418.344 Thread 0x00000217fbc67450 4036       3       sun.awt.windows.WToolkit::targetToPeer (5 bytes)
Event: 418.344 Thread 0x00000217fbc67450 nmethod 4036 0x00000217805fea08 code [0x00000217805feb00, 0x00000217805fee60]
Event: 418.344 Thread 0x00000217fbc67450 4037       3       sun.awt.SunToolkit::targetToPeer (20 bytes)
Event: 418.344 Thread 0x00000217fbc67450 nmethod 4037 0x00000217805fee88 code [0x00000217805fef80, 0x00000217805ff2a0]
Event: 418.345 Thread 0x00000217fbc67450 4038       3       sun.awt.windows.WObjectPeer::getPeerForTarget (10 bytes)
Event: 418.345 Thread 0x00000217fbc67450 nmethod 4038 0x00000217805ff308 code [0x00000217805ff400, 0x00000217805ff880]
Event: 418.377 Thread 0x00000217fbc63380 4039       4       java.awt.Component::getTreeLock (4 bytes)
Event: 418.377 Thread 0x00000217fbc63380 nmethod 4039 0x0000021787da9608 code [0x0000021787da9700, 0x0000021787da9780]
Event: 418.396 Thread 0x00000217fbc63380 4040       4       java.awt.event.InputEvent::getModifiers (8 bytes)
Event: 418.397 Thread 0x00000217fbc63380 nmethod 4040 0x0000021787da9908 code [0x0000021787da9a00, 0x0000021787da9a80]
Event: 419.856 Thread 0x00000217fbc63380 4041       4       java.lang.Thread::terminatingThreadLocals (8 bytes)
Event: 419.856 Thread 0x00000217fbc63380 nmethod 4041 0x0000021787da9c08 code [0x0000021787da9d00, 0x0000021787da9d90]

GC Heap Usage History (20 events):
Event: 7.981 {heap Before GC invocations=1 (full 0):
 garbage-first heap   total reserved 2091008K, committed 133120K, used 60562K [0x0000000080600000, 0x0000000100000000)
  region size 1024K, 58 young (59392K), 2 survivors (2048K)
}
Event: 7.985 {heap After GC invocations=2 (full 0):
 garbage-first heap   total reserved 2091008K, committed 133120K, used 5266K [0x0000000080600000, 0x0000000100000000)
  region size 1024K, 4 young (4096K), 4 survivors (4096K)
}
Event: 12.315 {heap Before GC invocations=2 (full 0):
 garbage-first heap   total reserved 2091008K, committed 133120K, used 85138K [0x0000000080600000, 0x0000000100000000)
  region size 1024K, 76 young (77824K), 4 survivors (4096K)
}
Event: 12.321 {heap After GC invocations=3 (full 0):
 garbage-first heap   total reserved 2091008K, committed 133120K, used 14482K [0x0000000080600000, 0x0000000100000000)
  region size 1024K, 7 young (7168K), 7 survivors (7168K)
}
Event: 50.614 {heap Before GC invocations=3 (full 0):
 garbage-first heap   total reserved 2091008K, committed 133120K, used 97426K [0x0000000080600000, 0x0000000100000000)
  region size 1024K, 76 young (77824K), 7 survivors (7168K)
}
Event: 50.620 {heap After GC invocations=4 (full 0):
 garbage-first heap   total reserved 2091008K, committed 133120K, used 28334K [0x0000000080600000, 0x0000000100000000)
  region size 1024K, 7 young (7168K), 7 survivors (7168K)
}
Event: 98.847 {heap Before GC invocations=4 (full 0):
 garbage-first heap   total reserved 2091008K, committed 133120K, used 98990K [0x0000000080600000, 0x0000000100000000)
  region size 1024K, 76 young (77824K), 7 survivors (7168K)
}
Event: 98.851 {heap After GC invocations=5 (full 0):
 garbage-first heap   total reserved 2091008K, committed 133120K, used 18578K [0x0000000080600000, 0x0000000100000000)
  region size 1024K, 5 young (5120K), 5 survivors (5120K)
}
Event: 150.347 {heap Before GC invocations=5 (full 0):
 garbage-first heap   total reserved 2091008K, committed 133120K, used 91282K [0x0000000080600000, 0x0000000100000000)
  region size 1024K, 76 young (77824K), 5 survivors (5120K)
}
Event: 150.350 {heap After GC invocations=6 (full 0):
 garbage-first heap   total reserved 2091008K, committed 133120K, used 18125K [0x0000000080600000, 0x0000000100000000)
  region size 1024K, 5 young (5120K), 5 survivors (5120K)
}
Event: 202.414 {heap Before GC invocations=6 (full 0):
 garbage-first heap   total reserved 2091008K, committed 133120K, used 90829K [0x0000000080600000, 0x0000000100000000)
  region size 1024K, 76 young (77824K), 5 survivors (5120K)
}
Event: 202.417 {heap After GC invocations=7 (full 0):
 garbage-first heap   total reserved 2091008K, committed 133120K, used 18578K [0x0000000080600000, 0x0000000100000000)
  region size 1024K, 5 young (5120K), 5 survivors (5120K)
}
Event: 253.947 {heap Before GC invocations=7 (full 0):
 garbage-first heap   total reserved 2091008K, committed 133120K, used 91282K [0x0000000080600000, 0x0000000100000000)
  region size 1024K, 76 young (77824K), 5 survivors (5120K)
}
Event: 253.950 {heap After GC invocations=8 (full 0):
 garbage-first heap   total reserved 2091008K, committed 133120K, used 18459K [0x0000000080600000, 0x0000000100000000)
  region size 1024K, 5 young (5120K), 5 survivors (5120K)
}
Event: 305.614 {heap Before GC invocations=8 (full 0):
 garbage-first heap   total reserved 2091008K, committed 131072K, used 91163K [0x0000000080600000, 0x0000000100000000)
  region size 1024K, 76 young (77824K), 5 survivors (5120K)
}
Event: 305.617 {heap After GC invocations=9 (full 0):
 garbage-first heap   total reserved 2091008K, committed 131072K, used 18314K [0x0000000080600000, 0x0000000100000000)
  region size 1024K, 5 young (5120K), 5 survivors (5120K)
}
Event: 357.413 {heap Before GC invocations=9 (full 0):
 garbage-first heap   total reserved 2091008K, committed 131072K, used 91018K [0x0000000080600000, 0x0000000100000000)
  region size 1024K, 76 young (77824K), 5 survivors (5120K)
}
Event: 357.416 {heap After GC invocations=10 (full 0):
 garbage-first heap   total reserved 2091008K, committed 131072K, used 18294K [0x0000000080600000, 0x0000000100000000)
  region size 1024K, 5 young (5120K), 5 survivors (5120K)
}
Event: 413.047 {heap Before GC invocations=10 (full 0):
 garbage-first heap   total reserved 2091008K, committed 131072K, used 90998K [0x0000000080600000, 0x0000000100000000)
  region size 1024K, 76 young (77824K), 5 survivors (5120K)
}
Event: 413.051 {heap After GC invocations=11 (full 0):
 garbage-first heap   total reserved 2091008K, committed 131072K, used 18348K [0x0000000080600000, 0x0000000100000000)
  region size 1024K, 5 young (5120K), 5 survivors (5120K)
}

Metaspace Usage History (20 events):
Event: 7.981 {metaspace Before GC invocations=1 (full 0):
 Metaspace       used 4909K, committed 5056K, reserved 1114112K
  class space    used 386K, committed 448K, reserved 1048576K
}
Event: 7.985 {metaspace After GC invocations=2 (full 0):
 Metaspace       used 4909K, committed 5056K, reserved 1114112K
  class space    used 386K, committed 448K, reserved 1048576K
}
Event: 12.315 {metaspace Before GC invocations=2 (full 0):
 Metaspace       used 8048K, committed 8192K, reserved 1114112K
  class space    used 744K, committed 832K, reserved 1048576K
}
Event: 12.321 {metaspace After GC invocations=3 (full 0):
 Metaspace       used 8048K, committed 8192K, reserved 1114112K
  class space    used 744K, committed 832K, reserved 1048576K
}
Event: 50.614 {metaspace Before GC invocations=3 (full 0):
 Metaspace       used 11754K, committed 11968K, reserved 1114112K
  class space    used 1122K, committed 1216K, reserved 1048576K
}
Event: 50.620 {metaspace After GC invocations=4 (full 0):
 Metaspace       used 11754K, committed 11968K, reserved 1114112K
  class space    used 1122K, committed 1216K, reserved 1048576K
}
Event: 98.847 {metaspace Before GC invocations=4 (full 0):
 Metaspace       used 12295K, committed 12544K, reserved 1114112K
  class space    used 1147K, committed 1280K, reserved 1048576K
}
Event: 98.851 {metaspace After GC invocations=5 (full 0):
 Metaspace       used 12295K, committed 12544K, reserved 1114112K
  class space    used 1147K, committed 1280K, reserved 1048576K
}
Event: 150.347 {metaspace Before GC invocations=5 (full 0):
 Metaspace       used 12478K, committed 12736K, reserved 1114112K
  class space    used 1159K, committed 1280K, reserved 1048576K
}
Event: 150.350 {metaspace After GC invocations=6 (full 0):
 Metaspace       used 12478K, committed 12736K, reserved 1114112K
  class space    used 1159K, committed 1280K, reserved 1048576K
}
Event: 202.414 {metaspace Before GC invocations=6 (full 0):
 Metaspace       used 12496K, committed 12736K, reserved 1114112K
  class space    used 1161K, committed 1280K, reserved 1048576K
}
Event: 202.417 {metaspace After GC invocations=7 (full 0):
 Metaspace       used 12496K, committed 12736K, reserved 1114112K
  class space    used 1161K, committed 1280K, reserved 1048576K
}
Event: 253.947 {metaspace Before GC invocations=7 (full 0):
 Metaspace       used 12496K, committed 12736K, reserved 1114112K
  class space    used 1161K, committed 1280K, reserved 1048576K
}
Event: 253.950 {metaspace After GC invocations=8 (full 0):
 Metaspace       used 12496K, committed 12736K, reserved 1114112K
  class space    used 1161K, committed 1280K, reserved 1048576K
}
Event: 305.614 {metaspace Before GC invocations=8 (full 0):
 Metaspace       used 12499K, committed 12736K, reserved 1114112K
  class space    used 1161K, committed 1280K, reserved 1048576K
}
Event: 305.617 {metaspace After GC invocations=9 (full 0):
 Metaspace       used 12499K, committed 12736K, reserved 1114112K
  class space    used 1161K, committed 1280K, reserved 1048576K
}
Event: 357.413 {metaspace Before GC invocations=9 (full 0):
 Metaspace       used 12499K, committed 12736K, reserved 1114112K
  class space    used 1161K, committed 1280K, reserved 1048576K
}
Event: 357.416 {metaspace After GC invocations=10 (full 0):
 Metaspace       used 12499K, committed 12736K, reserved 1114112K
  class space    used 1161K, committed 1280K, reserved 1048576K
}
Event: 413.047 {metaspace Before GC invocations=10 (full 0):
 Metaspace       used 12499K, committed 12736K, reserved 1114112K
  class space    used 1161K, committed 1280K, reserved 1048576K
}
Event: 413.051 {metaspace After GC invocations=11 (full 0):
 Metaspace       used 12499K, committed 12736K, reserved 1114112K
  class space    used 1161K, committed 1280K, reserved 1048576K
}

Dll operation events (12 events):
Event: 0.023 Loaded shared library C:\Users\user\.jdks\ms-25.0.3\bin\java.dll
Event: 0.167 Loaded shared library C:\Users\user\.jdks\ms-25.0.3\bin\zip.dll
Event: 0.171 Loaded shared library C:\Users\user\.jdks\ms-25.0.3\bin\instrument.dll
Event: 0.178 Loaded shared library C:\Users\user\.jdks\ms-25.0.3\bin\net.dll
Event: 0.180 Loaded shared library C:\Users\user\.jdks\ms-25.0.3\bin\nio.dll
Event: 0.186 Loaded shared library C:\Users\user\.jdks\ms-25.0.3\bin\zip.dll
Event: 0.218 Loaded shared library C:\Users\user\.jdks\ms-25.0.3\bin\jimage.dll
Event: 0.233 Loaded shared library C:\Users\user\.jdks\ms-25.0.3\bin\extnet.dll
Event: 0.251 Loaded shared library C:\Users\user\.jdks\ms-25.0.3\bin\awt.dll
Event: 2.111 Loaded shared library C:\Users\user\.jdks\ms-25.0.3\bin\freetype.dll
Event: 2.162 Loaded shared library C:\Users\user\.jdks\ms-25.0.3\bin\fontmanager.dll
Event: 12.390 Loaded shared library C:\Users\user\.jdks\ms-25.0.3\bin\jsound.dll

Deoptimization events (20 events):
Event: 167.131 Thread 0x00000217942ecc50 Uncommon trap: trap_request=0xffffff3d fr.pc=0x0000021787ceecf0 relative=0x00000000000001f0
Event: 167.131 Thread 0x00000217942ecc50 Uncommon trap: reason=unstable_fused_if action=reinterpret pc=0x0000021787ceecf0 method=java.awt.EventQueue.eventToCacheIndex(Ljava/awt/AWTEvent;)I @ 4 c2
Event: 167.131 Thread 0x00000217942ecc50 DEOPT PACKING pc=0x0000021787ceecf0 sp=0x000000b8e4aff320
Event: 167.131 Thread 0x00000217942ecc50 DEOPT UNPACKING pc=0x000002178765ad02 sp=0x000000b8e4aff1d0 mode 2
Event: 170.884 Thread 0x000002179488d720 Uncommon trap: trap_request=0xffffff45 fr.pc=0x0000021787d5c528 relative=0x00000000000013a8
Event: 170.884 Thread 0x000002179488d720 Uncommon trap: reason=unstable_if action=reinterpret pc=0x0000021787d5c528 method=javazoom.jl.decoder.Header.read_header(Ljavazoom/jl/decoder/Bitstream;[Ljavazoom/jl/decoder/Crc16;)V @ 506 c2
Event: 170.884 Thread 0x000002179488d720 DEOPT PACKING pc=0x0000021787d5c528 sp=0x000000b8e49ff1c0
Event: 170.884 Thread 0x000002179488d720 DEOPT UNPACKING pc=0x000002178765ad02 sp=0x000000b8e49ff188 mode 2
Event: 178.246 Thread 0x00000217942ecc50 Uncommon trap: trap_request=0xffffff66 fr.pc=0x0000021787d61c7c relative=0x00000000000002fc
Event: 178.246 Thread 0x00000217942ecc50 Uncommon trap: reason=loop_limit_check action=maybe_recompile pc=0x0000021787d61c7c method=java.awt.EventDispatchThread.filterAndCheckEvent(Ljava/awt/AWTEvent;)Z @ 22 c2
Event: 178.246 Thread 0x00000217942ecc50 DEOPT PACKING pc=0x0000021787d61c7c sp=0x000000b8e4aff340
Event: 178.246 Thread 0x00000217942ecc50 DEOPT UNPACKING pc=0x000002178765ad02 sp=0x000000b8e4aff2d0 mode 2
Event: 419.879 Thread 0x00000217942ecc50 Uncommon trap: trap_request=0xffffff45 fr.pc=0x0000021787d87220 relative=0x0000000000000ca0
Event: 419.879 Thread 0x00000217942ecc50 Uncommon trap: reason=unstable_if action=reinterpret pc=0x0000021787d87220 method=sun.java2d.d3d.D3DScreenUpdateManager.createGraphics(Lsun/java2d/SurfaceData;Lsun/awt/windows/WComponentPeer;Ljava/awt/Color;Ljava/awt/Color;Ljava/awt/Font;)Ljava/awt/Graphi
Event: 419.879 Thread 0x00000217942ecc50 DEOPT PACKING pc=0x0000021787d87220 sp=0x000000b8e4afec50
Event: 419.879 Thread 0x00000217942ecc50 DEOPT UNPACKING pc=0x000002178765ad02 sp=0x000000b8e4afeba0 mode 2
Event: 419.880 Thread 0x00000217942ecc50 Uncommon trap: trap_request=0xffffff45 fr.pc=0x0000021787d443f8 relative=0x0000000000005558
Event: 419.880 Thread 0x00000217942ecc50 Uncommon trap: reason=unstable_if action=reinterpret pc=0x0000021787d443f8 method=sun.awt.image.VolatileSurfaceManager.validate(Ljava/awt/GraphicsConfiguration;)I @ 90 c2
Event: 419.880 Thread 0x00000217942ecc50 DEOPT PACKING pc=0x0000021787d443f8 sp=0x000000b8e4aff030
Event: 419.880 Thread 0x00000217942ecc50 DEOPT UNPACKING pc=0x000002178765ad02 sp=0x000000b8e4afee50 mode 2

Classes loaded (20 events):
Event: 73.989 Loading class sun/java2d/pipe/RegionSpanIterator
Event: 73.990 Loading class sun/java2d/pipe/RegionSpanIterator done
Event: 86.604 Loading class jdk/internal/event/ThreadSleepEvent
Event: 86.605 Loading class jdk/internal/event/ThreadSleepEvent done
Event: 103.384 Loading class java/lang/invoke/MethodHandle$1
Event: 103.384 Loading class java/lang/invoke/MethodHandle$1 done
Event: 167.126 Loading class java/awt/event/MouseEvent$1
Event: 167.127 Loading class sun/awt/AWTAccessor$MouseEventAccessor
Event: 167.127 Loading class sun/awt/AWTAccessor$MouseEventAccessor done
Event: 167.127 Loading class java/awt/event/MouseEvent$1 done
Event: 167.129 Loading class java/awt/Cursor$CursorDisposer
Event: 167.130 Loading class java/awt/Cursor$CursorDisposer done
Event: 167.130 Loading class java/awt/event/MouseWheelEvent
Event: 167.131 Loading class java/awt/event/MouseWheelEvent done
Event: 419.854 Loading class jdk/internal/misc/Signal$1
Event: 419.854 Loading class jdk/internal/misc/Signal$1 done
Event: 419.856 Loading class java/util/WeakHashMap$KeyIterator
Event: 419.857 Loading class java/util/WeakHashMap$HashIterator
Event: 419.857 Loading class java/util/WeakHashMap$HashIterator done
Event: 419.857 Loading class java/util/WeakHashMap$KeyIterator done

Classes unloaded (0 events):
No events

Classes redefined (0 events):
No events

Internal exceptions (20 events):
Event: 11.937 Thread 0x00000217ee3e0db0 Exception <a 'java/lang/ClassNotFoundException'{0x000000008442a8c8}: com/sun/swing/internal/plaf/metal/resources/spi/metalProvider> (0x000000008442a8c8) 
thrown [s\src\hotspot\share\classfile\systemDictionary.cpp, line 328]
Event: 11.939 Thread 0x00000217ee3e0db0 Exception <a 'java/lang/ClassNotFoundException'{0x000000008442e2d8}: com/sun/swing/internal/plaf/basic/resources/spi/basicProvider> (0x000000008442e2d8) 
thrown [s\src\hotspot\share\classfile\systemDictionary.cpp, line 328]
Event: 11.955 Thread 0x00000217ee3e0db0 Exception <a 'java/lang/NoSuchMethodError'{0x0000000084453960}: 'int java.lang.invoke.Invokers$Holder.invokeExact_MT(java.lang.Object, java.lang.Object)'> (0x0000000084453960) 
thrown [s\src\hotspot\share\interpreter\linkResolver.cpp, line 804]
Event: 11.957 Thread 0x00000217ee3e0db0 Implicit null exception at 0x0000021787b5fb45 to 0x0000021787b5fda8
Event: 11.958 Thread 0x00000217ee3e0db0 Implicit null exception at 0x0000021787b4d9c8 to 0x0000021787b4dc2c
Event: 11.958 Thread 0x00000217ee3e0db0 Implicit null exception at 0x0000021787b8351d to 0x0000021787b83595
Event: 12.130 Thread 0x00000217ee3e0db0 Exception <a 'java/lang/NoSuchMethodError'{0x0000000083edbbf0}: 'int java.lang.invoke.DirectMethodHandle$Holder.invokeVirtual(java.lang.Object, java.lang.Object)'> (0x0000000083edbbf0) 
thrown [s\src\hotspot\share\interpreter\linkResolver.cpp, line 804]
Event: 12.131 Thread 0x00000217ee3e0db0 Exception <a 'java/lang/NoSuchMethodError'{0x0000000083eeb3a8}: 'int java.lang.invoke.DirectMethodHandle$Holder.invokeStatic(java.lang.Object, java.lang.Object, java.lang.Object, java.lang.Object)'> (0x0000000083eeb3a8) 
thrown [s\src\hotspot\share\interpreter\linkResolver.cpp, line 804]
Event: 12.373 Thread 0x000002178f7b9ff0 Exception <a 'java/lang/NoSuchMethodError'{0x000000008847de18}: 'void java.lang.invoke.DirectMethodHandle$Holder.invokeVirtual(java.lang.Object, java.lang.Object)'> (0x000000008847de18) 
thrown [s\src\hotspot\share\interpreter\linkResolver.cpp, line 804]
Event: 12.413 Thread 0x00000217ee3e0db0 Exception <a 'java/lang/NoSuchMethodError'{0x00000000885b24c0}: 'void java.lang.invoke.DirectMethodHandle$Holder.invokeStaticInit(java.lang.Object)'> (0x00000000885b24c0) 
thrown [s\src\hotspot\share\interpreter\linkResolver.cpp, line 804]
Event: 12.521 Thread 0x000002178f3e1d20 Implicit null exception at 0x0000021787b7af4d to 0x0000021787b7b01c
Event: 12.565 Thread 0x00000217942ecc50 Exception <a 'java/lang/NoSuchMethodError'{0x0000000088232bb0}: 'float java.lang.invoke.DelegatingMethodHandle$Holder.reinvoke_L(java.lang.Object, java.lang.Object, java.lang.Object, long)'> (0x0000000088232bb0) 
thrown [s\src\hotspot\share\interpreter\linkResolver.cpp, line 804]
Event: 12.568 Thread 0x00000217942ecc50 Exception <a 'java/lang/NoSuchMethodError'{0x000000008824ade0}: 'java.lang.Object java.lang.invoke.DirectMethodHandle$Holder.invokeStatic(java.lang.Object, java.lang.Object, java.lang.Object, java.lang.Object, long)'> (0x000000008824ade0) 
thrown [s\src\hotspot\share\interpreter\linkResolver.cpp, line 804]
Event: 68.718 Thread 0x00000217942ed420 Implicit null exception at 0x0000021787c50531 to 0x0000021787c505d0
Event: 87.385 Thread 0x00000217942ecc50 Exception <a 'java/lang/NoSuchMethodError'{0x0000000085069898}: 'java.lang.Object java.lang.invoke.DirectMethodHandle$Holder.invokeSpecial(java.lang.Object, java.lang.Object, java.lang.Object, java.lang.Object, java.lang.Object, int)'> (0x0000000085069898) 
thrown [s\src\hotspot\share\interpreter\linkResolver.cpp, line 804]
Event: 87.385 Thread 0x00000217942ecc50 Exception <a 'java/lang/NoSuchMethodError'{0x00000000850724b0}: 'java.lang.Object java.lang.invoke.DirectMethodHandle$Holder.invokeSpecial(java.lang.Object, java.lang.Object, java.lang.Object, java.lang.Object, java.lang.Object, java.lang.Object, int)'> (0x00000000850724b0) 
thrown [s\src\hotspot\share\interpreter\linkResolver.cpp, line 804]
Event: 87.386 Thread 0x00000217942ecc50 Exception <a 'java/lang/NoSuchMethodError'{0x000000008507a858}: 'java.lang.Object java.lang.invoke.DelegatingMethodHandle$Holder.reinvoke_L(java.lang.Object, java.lang.Object, java.lang.Object, java.lang.Object, java.lang.Object, int)'> (0x000000008507a858) 
thrown [s\src\hotspot\share\interpreter\linkResolver.cpp, line 804]
Event: 87.387 Thread 0x00000217942ecc50 Exception <a 'java/lang/NoSuchMethodError'{0x000000008508af18}: 'java.lang.Object java.lang.invoke.Invokers$Holder.linkToTargetMethod(java.lang.Object, java.lang.Object, java.lang.Object, int, java.lang.Object)'> (0x000000008508af18) 
thrown [s\src\hotspot\share\interpreter\linkResolver.cpp, line 804]
Event: 103.653 Thread 0x00000217942ed420 Exception <a 'java/lang/NoSuchMethodError'{0x00000000885f1548}: 'java.lang.Object java.lang.invoke.DelegatingMethodHandle$Holder.reinvoke_L(java.lang.Object, java.lang.Object, java.lang.Object, int, int, int)'> (0x00000000885f1548) 
thrown [s\src\hotspot\share\interpreter\linkResolver.cpp, line 804]
Event: 110.453 Thread 0x00000217942ed420 Exception <a 'java/lang/NoSuchMethodError'{0x0000000087cb4518}: 'java.lang.Object java.lang.invoke.DelegatingMethodHandle$Holder.reinvoke_L(java.lang.Object, java.lang.Object, int, int, java.lang.Object)'> (0x0000000087cb4518) 
thrown [s\src\hotspot\share\interpreter\linkResolver.cpp, line 804]

VM Operations (20 events):
Event: 240.551 Executing non-safepoint VM operation: RendezvousGCThreads
Event: 240.551 Executing non-safepoint VM operation: RendezvousGCThreads done
Event: 253.947 Executing safepoint VM operation: G1CollectForAllocation (G1 Evacuation Pause)
Event: 253.950 Executing safepoint VM operation: G1CollectForAllocation (G1 Evacuation Pause) done
Event: 300.324 Executing safepoint VM operation: G1ShrinkHeap
Event: 300.324 Executing safepoint VM operation: G1ShrinkHeap done
Event: 300.733 Executing non-safepoint VM operation: HandshakeAllThreads (HandshakeForDeflation)
Event: 300.733 Executing non-safepoint VM operation: HandshakeAllThreads (HandshakeForDeflation) done
Event: 300.734 Executing non-safepoint VM operation: RendezvousGCThreads
Event: 300.734 Executing non-safepoint VM operation: RendezvousGCThreads done
Event: 305.614 Executing safepoint VM operation: G1CollectForAllocation (G1 Evacuation Pause)
Event: 305.617 Executing safepoint VM operation: G1CollectForAllocation (G1 Evacuation Pause) done
Event: 357.413 Executing safepoint VM operation: G1CollectForAllocation (G1 Evacuation Pause)
Event: 357.416 Executing safepoint VM operation: G1CollectForAllocation (G1 Evacuation Pause) done
Event: 360.817 Executing non-safepoint VM operation: HandshakeAllThreads (HandshakeForDeflation)
Event: 360.817 Executing non-safepoint VM operation: HandshakeAllThreads (HandshakeForDeflation) done
Event: 360.817 Executing non-safepoint VM operation: RendezvousGCThreads
Event: 360.817 Executing non-safepoint VM operation: RendezvousGCThreads done
Event: 413.047 Executing safepoint VM operation: G1CollectForAllocation (G1 Evacuation Pause)
Event: 413.051 Executing safepoint VM operation: G1CollectForAllocation (G1 Evacuation Pause) done

Memory protections (0 events):
No events

Nmethod flushes (0 events):
No events

Events (20 events):
Event: 109.213 Thread 0x00000217942ed420 Thread added: 0x000002179488fe30
Event: 109.438 Thread 0x0000021794892d10 Thread exited: 0x0000021794892d10
Event: 109.546 Thread 0x00000217942ed420 Thread added: 0x0000021794892540
Event: 110.740 Thread 0x000002179488fe30 Thread exited: 0x000002179488fe30
Event: 111.070 Thread 0x0000021794892540 Thread exited: 0x0000021794892540
Event: 111.246 Thread 0x00000217942ed420 Thread added: 0x000002179488fe30
Event: 111.346 Thread 0x0000021794890dd0 Thread exited: 0x0000021794890dd0
Event: 112.388 Thread 0x000002179488fe30 Thread exited: 0x000002179488fe30
Event: 114.447 Thread 0x00000217942ed420 Thread added: 0x000002179488d720
Event: 118.146 Thread 0x00000217942ed420 Thread added: 0x0000021794890dd0
Event: 119.669 Thread 0x0000021794890dd0 Thread exited: 0x0000021794890dd0
Event: 419.854 Thread 0x00000217fbc50a80 Thread added: 0x000002179488cf50
Event: 419.855 Thread 0x000002179488cf50 Thread added: 0x000002179488fe30
Event: 419.855 Thread 0x000002179488cf50 Thread added: 0x0000021794890dd0
Event: 419.855 Thread 0x000002179488cf50 Thread added: 0x0000021794892540
Event: 419.855 Thread 0x000002179488cf50 Thread added: 0x00000217948915a0
Event: 419.855 Thread 0x0000021794890dd0 Thread exited: 0x0000021794890dd0
Event: 419.856 Thread 0x00000217942f1a70 Thread exited: 0x00000217942f1a70
Event: 419.858 Thread 0x00000217948915a0 Thread exited: 0x00000217948915a0
Event: 419.858 Thread 0x0000021794892540 Thread exited: 0x0000021794892540


Dynamic libraries:
0x00007ff60ee40000 - 0x00007ff60ee4e000 	C:\Users\user\.jdks\ms-25.0.3\bin\java.exe
0x00007ffae6f30000 - 0x00007ffae7128000 	C:\WINDOWS\SYSTEM32\ntdll.dll
0x00007ffae6300000 - 0x00007ffae63c2000 	C:\WINDOWS\System32\KERNEL32.DLL
0x00007ffae46a0000 - 0x00007ffae4996000 	C:\WINDOWS\System32\KERNELBASE.dll
0x00007ffae4a80000 - 0x00007ffae4b80000 	C:\WINDOWS\System32\ucrtbase.dll
0x00007ffad69a0000 - 0x00007ffad69b7000 	C:\Users\user\.jdks\ms-25.0.3\bin\jli.dll
0x00007ffad5b20000 - 0x00007ffad5b3e000 	C:\Users\user\.jdks\ms-25.0.3\bin\VCRUNTIME140.dll
0x00007ffae6150000 - 0x00007ffae62f1000 	C:\WINDOWS\System32\USER32.dll
0x00007ffae4670000 - 0x00007ffae4692000 	C:\WINDOWS\System32\win32u.dll
0x00007ffad3600000 - 0x00007ffad389b000 	C:\WINDOWS\WinSxS\amd64_microsoft.windows.common-controls_6595b64144ccf1df_6.0.19041.6456_none_60b8a6cb71f64256\COMCTL32.dll
0x00007ffae6df0000 - 0x00007ffae6e1b000 	C:\WINDOWS\System32\GDI32.dll
0x00007ffae4b80000 - 0x00007ffae4c99000 	C:\WINDOWS\System32\gdi32full.dll
0x00007ffae5350000 - 0x00007ffae53ee000 	C:\WINDOWS\System32\msvcrt.dll
0x00007ffae4eb0000 - 0x00007ffae4f4d000 	C:\WINDOWS\System32\msvcp_win.dll
0x00007ffae5660000 - 0x00007ffae568f000 	C:\WINDOWS\System32\IMM32.DLL
0x00007ffad9020000 - 0x00007ffad902c000 	C:\Users\user\.jdks\ms-25.0.3\bin\vcruntime140_1.dll
0x00007ffab4a40000 - 0x00007ffab4ac9000 	C:\Users\user\.jdks\ms-25.0.3\bin\msvcp140.dll
0x00007ffa84660000 - 0x00007ffa85592000 	C:\Users\user\.jdks\ms-25.0.3\bin\server\jvm.dll
0x00007ffae6e30000 - 0x00007ffae6ee1000 	C:\WINDOWS\System32\ADVAPI32.dll
0x00007ffae6b40000 - 0x00007ffae6bdf000 	C:\WINDOWS\System32\sechost.dll
0x00007ffae5020000 - 0x00007ffae5140000 	C:\WINDOWS\System32\RPCRT4.dll
0x00007ffae4e80000 - 0x00007ffae4ea7000 	C:\WINDOWS\System32\bcrypt.dll
0x00007ffae6d10000 - 0x00007ffae6d7b000 	C:\WINDOWS\System32\WS2_32.dll
0x00007ffae3ec0000 - 0x00007ffae3f0b000 	C:\WINDOWS\SYSTEM32\POWRPROF.dll
0x00007ffad4560000 - 0x00007ffad4587000 	C:\WINDOWS\SYSTEM32\WINMM.dll
0x00007ffadec20000 - 0x00007ffadec2a000 	C:\WINDOWS\SYSTEM32\VERSION.dll
0x00007ffae3ea0000 - 0x00007ffae3eb2000 	C:\WINDOWS\SYSTEM32\UMPDC.dll
0x00007ffae2410000 - 0x00007ffae2422000 	C:\WINDOWS\SYSTEM32\kernel.appcore.dll
0x00007ffad5b10000 - 0x00007ffad5b1a000 	C:\Users\user\.jdks\ms-25.0.3\bin\jimage.dll
0x00007ffad4350000 - 0x00007ffad4551000 	C:\WINDOWS\SYSTEM32\DBGHELP.DLL
0x00007ffac8200000 - 0x00007ffac8234000 	C:\WINDOWS\SYSTEM32\dbgcore.DLL
0x00007ffae49a0000 - 0x00007ffae4a22000 	C:\WINDOWS\System32\bcryptPrimitives.dll
0x00007ffad4620000 - 0x00007ffad4630000 	C:\Users\user\.jdks\ms-25.0.3\bin\instrument.dll
0x00007ffad4600000 - 0x00007ffad461f000 	C:\Users\user\.jdks\ms-25.0.3\bin\java.dll
0x00007ffae6be0000 - 0x00007ffae6d0b000 	C:\WINDOWS\System32\ole32.dll
0x00007ffae5df0000 - 0x00007ffae6144000 	C:\WINDOWS\System32\combase.dll
0x00007ffae63d0000 - 0x00007ffae6b40000 	C:\WINDOWS\System32\SHELL32.dll
0x00007ffae2610000 - 0x00007ffae2db5000 	C:\WINDOWS\SYSTEM32\windows.storage.dll
0x00007ffae3f10000 - 0x00007ffae3f3b000 	C:\WINDOWS\SYSTEM32\Wldp.dll
0x00007ffae4f50000 - 0x00007ffae501d000 	C:\WINDOWS\System32\OLEAUT32.dll
0x00007ffae5be0000 - 0x00007ffae5c8d000 	C:\WINDOWS\System32\SHCORE.dll
0x00007ffae5d90000 - 0x00007ffae5deb000 	C:\WINDOWS\System32\shlwapi.dll
0x00007ffae44f0000 - 0x00007ffae4514000 	C:\WINDOWS\SYSTEM32\profapi.dll
0x00007ffac8a50000 - 0x00007ffac8a66000 	C:\Users\user\.jdks\ms-25.0.3\bin\zip.dll
0x00007ffaceb30000 - 0x00007ffaceb42000 	C:\Users\user\.jdks\ms-25.0.3\bin\net.dll
0x00007ffae3c10000 - 0x00007ffae3c7a000 	C:\WINDOWS\system32\mswsock.dll
0x00007ffac9450000 - 0x00007ffac9466000 	C:\Users\user\.jdks\ms-25.0.3\bin\nio.dll
0x00007ffad45f0000 - 0x00007ffad45f9000 	C:\Users\user\.jdks\ms-25.0.3\bin\extnet.dll
0x00007ffaa2ec0000 - 0x00007ffaa3043000 	C:\Users\user\.jdks\ms-25.0.3\bin\awt.dll
0x00007ffae1a30000 - 0x00007ffae1ac4000 	C:\WINDOWS\SYSTEM32\apphelp.dll
0x00007ffae40b0000 - 0x00007ffae40c8000 	C:\WINDOWS\SYSTEM32\CRYPTSP.dll
0x00007ffae3550000 - 0x00007ffae3588000 	C:\WINDOWS\system32\rsaenh.dll
0x00007ffae4470000 - 0x00007ffae449e000 	C:\WINDOWS\SYSTEM32\USERENV.dll
0x00007ffae3e10000 - 0x00007ffae3e1c000 	C:\WINDOWS\SYSTEM32\CRYPTBASE.dll
0x00007ffae3910000 - 0x00007ffae394b000 	C:\WINDOWS\SYSTEM32\IPHLPAPI.DLL
0x00007ffae6de0000 - 0x00007ffae6de8000 	C:\WINDOWS\System32\NSI.dll
0x00007ffaac5c0000 - 0x00007ffaac64b000 	C:\Users\user\.jdks\ms-25.0.3\bin\freetype.dll
0x00007ffaa2290000 - 0x00007ffaa2386000 	C:\Users\user\.jdks\ms-25.0.3\bin\fontmanager.dll
0x00007ffae2300000 - 0x00007ffae232e000 	C:\WINDOWS\system32\DWMAPI.DLL
0x00007ffae1f20000 - 0x00007ffae1fbe000 	C:\WINDOWS\system32\uxtheme.dll
0x00007ffaad7a0000 - 0x00007ffaad8c8000 	C:\WINDOWS\system32\opengl32.dll
0x00007ffac8a70000 - 0x00007ffac8a9c000 	C:\WINDOWS\SYSTEM32\GLU32.dll
0x00007ffae5140000 - 0x00007ffae5255000 	C:\WINDOWS\System32\MSCTF.dll
0x00007ffae42f0000 - 0x00007ffae4302000 	C:\WINDOWS\SYSTEM32\msasn1.dll
0x00007ffadebe0000 - 0x00007ffadec11000 	C:\WINDOWS\SYSTEM32\cryptnet.dll
0x00007ffae4ca0000 - 0x00007ffae4dfd000 	C:\WINDOWS\System32\CRYPT32.dll
0x00007ffade940000 - 0x00007ffadea87000 	C:\WINDOWS\SYSTEM32\drvstore.dll
0x00007ffae4350000 - 0x00007ffae4383000 	C:\WINDOWS\SYSTEM32\devobj.dll
0x00007ffae4a30000 - 0x00007ffae4a7e000 	C:\WINDOWS\System32\cfgmgr32.dll
0x00007ffae4e00000 - 0x00007ffae4e73000 	C:\WINDOWS\System32\WINTRUST.DLL
0x00007ffae5c90000 - 0x00007ffae5cad000 	C:\WINDOWS\System32\imagehlp.dll
0x00007ffabce60000 - 0x00007ffabd127000 	C:\WINDOWS\system32\nvspcap64.dll
0x00007ffae37a0000 - 0x00007ffae37d3000 	C:\WINDOWS\SYSTEM32\ntmarta.dll
0x00007ffae2dd0000 - 0x00007ffae2df3000 	C:\WINDOWS\SYSTEM32\gpapi.dll
0x00007ffaddb70000 - 0x00007ffaddbab000 	C:\WINDOWS\SYSTEM32\dxcore.dll
0x00007ffac8a20000 - 0x00007ffac8a32000 	C:\Users\user\.jdks\ms-25.0.3\bin\jsound.dll
0x00007ffa9eee0000 - 0x00007ffa9ef7c000 	C:\WINDOWS\SYSTEM32\DSOUND.dll
0x00007ffad9030000 - 0x00007ffad9056000 	C:\WINDOWS\SYSTEM32\winmmbase.dll
0x00007ffae53f0000 - 0x00007ffae5499000 	C:\WINDOWS\System32\clbcatq.dll
0x00007ffade680000 - 0x00007ffade705000 	C:\WINDOWS\System32\MMDevApi.dll
0x00007ffac8f50000 - 0x00007ffac8f96000 	C:\WINDOWS\SYSTEM32\wdmaud.drv
0x00007ffadf450000 - 0x00007ffadf459000 	C:\WINDOWS\SYSTEM32\ksuser.dll
0x00007ffadeb30000 - 0x00007ffadeb3a000 	C:\WINDOWS\SYSTEM32\AVRT.dll
0x00007ffac60a0000 - 0x00007ffac6221000 	C:\WINDOWS\SYSTEM32\AUDIOSES.DLL
0x00007ffad8e20000 - 0x00007ffad8f19000 	C:\WINDOWS\SYSTEM32\textinputframework.dll
0x00007ffae1270000 - 0x00007ffae15cb000 	C:\WINDOWS\System32\CoreUIComponents.dll
0x00007ffae1170000 - 0x00007ffae1262000 	C:\WINDOWS\System32\CoreMessaging.dll
0x00007ffae0750000 - 0x00007ffae08a7000 	C:\WINDOWS\SYSTEM32\wintypes.dll
0x00007ffae1790000 - 0x00007ffae179d000 	C:\WINDOWS\SYSTEM32\msacm32.drv
0x00007ffae17b0000 - 0x00007ffae17ce000 	C:\WINDOWS\SYSTEM32\MSACM32.dll
0x00007ffada2c0000 - 0x00007ffada2cb000 	C:\WINDOWS\SYSTEM32\midimap.dll
0x00007ffae1fc0000 - 0x00007ffae1fd4000 	C:\WINDOWS\SYSTEM32\resourcepolicyclient.dll
0x00007ffac58d0000 - 0x00007ffac5a0f000 	C:\Windows\System32\Windows.UI.dll
0x00007ffaddf00000 - 0x00007ffaddfa1000 	C:\Windows\System32\WindowManagementAPI.dll
0x00007ffac6720000 - 0x00007ffac6872000 	C:\Windows\System32\InputHost.dll
0x00007ffaddbc0000 - 0x00007ffadddc3000 	C:\WINDOWS\SYSTEM32\twinapi.appcore.dll
0x00007ffadf4b0000 - 0x00007ffadf5a4000 	C:\Windows\System32\PROPSYS.dll

JVMTI agents:
C:\Program Files\JetBrains\IntelliJ IDEA Community Edition 2025.2.2\lib\idea_rt.jar path:C:\Users\user\.jdks\ms-25.0.3\bin\instrument.dll, loaded, initialized, instrumentlib options:55152

dbghelp: loaded successfully - version: 4.0.5 - missing functions: none
symbol engine: initialized successfully - sym options: 0x614 - pdb path: .;C:\Users\user\.jdks\ms-25.0.3\bin;C:\WINDOWS\SYSTEM32;C:\WINDOWS\WinSxS\amd64_microsoft.windows.common-controls_6595b64144ccf1df_6.0.19041.6456_none_60b8a6cb71f64256;C:\Users\user\.jdks\ms-25.0.3\bin\server;C:\WINDOWS\System32\DriverStore\FileRepository\nv_dispi.inf_amd64_9777c5fc85d41633

VM Arguments:
jvm_args: -javaagent:C:\Program Files\JetBrains\IntelliJ IDEA Community Edition 2025.2.2\lib\idea_rt.jar=55152 -Dfile.encoding=UTF-8 -Dsun.stdout.encoding=UTF-8 -Dsun.stderr.encoding=UTF-8 
java_command: main.Main
java_class_path (initial): C:\Zyril\SCHOOL\CIT COLLEGE\2ND YEAR\2ND SEM\CSIT228\Rot_Game\out\production\Rot;C:\Zyril\SCHOOL\CIT COLLEGE\2ND YEAR\2ND SEM\CSIT228\Rot_Game\libs\jl1.0.1.jar
Launcher Type: SUN_STANDARD

[Global flags]
     intx CICompilerCount                          = 3                                         {product} {ergonomic}
     uint ConcGCThreads                            = 1                                         {product} {ergonomic}
     uint G1ConcRefinementThreads                  = 4                                         {product} {ergonomic}
   size_t G1HeapRegionSize                         = 1048576                                   {product} {ergonomic}
   size_t InitialHeapSize                          = 134217728                                 {product} {ergonomic}
   size_t MarkStackSize                            = 4194304                                   {product} {ergonomic}
   size_t MarkStackSizeMax                         = 536870912                                 {product} {ergonomic}
   size_t MaxHeapSize                              = 2141192192                                {product} {ergonomic}
   size_t MaxNewSize                               = 1284505600                                {product} {ergonomic}
   size_t MinHeapDeltaBytes                        = 1048576                                   {product} {ergonomic}
   size_t MinHeapSize                              = 8388608                                   {product} {ergonomic}
    uintx NonNMethodCodeHeapSize                   = 5898240                                {pd product} {ergonomic}
    uintx NonProfiledCodeHeapSize                  = 122945536                              {pd product} {ergonomic}
    uintx ProfiledCodeHeapSize                     = 122945536                              {pd product} {ergonomic}
    uintx ReservedCodeCacheSize                    = 251789312                              {pd product} {ergonomic}
     bool SegmentedCodeCache                       = true                                      {product} {ergonomic}
   size_t SoftMaxHeapSize                          = 2141192192                             {manageable} {ergonomic}
     bool UseCompressedOops                        = true                           {product lp64_product} {ergonomic}
     bool UseG1GC                                  = true                                      {product} {ergonomic}
     bool UseLargePagesIndividualAllocation        = false                                  {pd product} {ergonomic}

Logging:
Log output configuration:
 #0: stdout all=warning uptime,level,tags foldmultilines=false
 #1: stderr all=off uptime,level,tags foldmultilines=false

Release file:
IMPLEMENTOR="Microsoft" 
IMPLEMENTOR_VERSION="Microsoft-13877124" 
JAVA_RUNTIME_VERSION="25.0.3+9-LTS" 
JAVA_VERSION="25.0.3" 
JAVA_VERSION_DATE="2026-04-21" 
LIBC="default" 
MODULES="java.base java.compiler java.datatransfer java.xml java.prefs java.desktop java.instrument java.logging java.management java.security.sasl java.naming java.rmi java.management.rmi java.net.http java.scripting java.security.jgss java.transaction.xa java.sql java.sql.rowset java.xml.crypto java.se java.smartcardio jdk.accessibility jdk.internal.jvmstat jdk.attach jdk.charsets jdk.internal.opt jdk.zipfs jdk.compiler jdk.crypto.cryptoki jdk.crypto.ec jdk.crypto.mscapi jdk.dynalink jdk.internal.ed jdk.editpad jdk.internal.vm.ci jdk.graal.compiler jdk.graal.compiler.management jdk.hotspot.agent jdk.httpserver jdk.incubator.vector jdk.internal.le jdk.internal.md jdk.jartool jdk.javadoc jdk.jcmd jdk.management jdk.management.agent jdk.jconsole jdk.jdeps jdk.jdwp.agent jdk.jdi jdk.jfr jdk.jlink jdk.jpackage jdk.jshell jdk.jsobject jdk.jstatd jdk.localedata jdk.management.jfr jdk.naming.dns jdk.naming.rmi jdk.net jdk.nio.mapmode jdk.sctp jdk.security.auth jdk.security.jgss jdk.unsupported jdk.unsupported.desktop jdk.xml.dom" 
OS_ARCH="x86_64" 
OS_NAME="Windows" 
SOURCE=".:git:7a05ec815bae" 

Environment Variables:
PATH=C:\Program Files\Common Files\Oracle\Java\javapath;C:\WINDOWS\system32;C:\WINDOWS;C:\WINDOWS\System32\Wbem;C:\WINDOWS\System32\WindowsPowerShell\v1.0\;C:\WINDOWS\System32\OpenSSH\;C:\Program Files\Git\cmd;C:\Program Files (x86)\NVIDIA Corporation\PhysX\Common;C:\Program Files\NVIDIA Corporation\NVIDIA NvDLISR;C:\Program Files\cursor\resources\app\bin;C:\Program Files\nodejs\;C:\Program Files\PowerShell\7\;C:\Users\user\AppData\Local\Microsoft\WindowsApps;C:\Users\user\AppData\Local\Programs\Microsoft VS Code\bin;C:\Users\user\Downloads\ffmpeg-8.0.1-essentials_build\ffmpeg-8.0.1-essentials_build\bin;C:\Users\user\AppData\Roaming\npm;C:\Users\user\AppData\Local\JetBrains\Toolbox\scripts;
USERNAME=user
OS=Windows_NT
PROCESSOR_IDENTIFIER=Intel64 Family 6 Model 58 Stepping 9, GenuineIntel
TMP=C:\Users\user\AppData\Local\Temp
TEMP=C:\Users\user\AppData\Local\Temp




Compilation memory statistics disabled.

Periodic native trim disabled

---------------  S Y S T E M  ---------------

OS:
 Windows 10 , 64 bit Build 19041 (10.0.19041.5915)
OS uptime: 0 days 12:21 hours
Hyper-V role detected

CPU: total 4 (initial active 4) (4 cores per cpu, 1 threads per core) family 6 model 58 stepping 9 microcode 0x21, cx8, cmov, fxsr, mmx, sse, sse2, sse3, ssse3, sse4.1, sse4.2, popcnt, tsc, tscinvbit, avx, aes, erms, clmul, vzeroupper, clflush, hv, rdtscp, f16c
Processor Information for the first 4 processors :
  Max Mhz: 3201, Current Mhz: 3201, Mhz Limit: 3201

Memory: 4k page, system-wide physical 8162M (249M free)
TotalPageFile size 15912M (AvailPageFile size 2425M)
current process WorkingSet (physical memory assigned to process): 198M, peak: 258M
current process commit charge ("private bytes"): 265M, peak: 337M

vm_info: OpenJDK 64-Bit Server VM (25.0.3+9-LTS) for windows-amd64 JRE (25.0.3+9-LTS), built on 2026-04-18T17:53:19Z with MS VC++ 17.14 (VS2022)

END.
